Timestamp,FewShot_Count,Original_Individual,Original_Accuracy,Shuffled_Individual,Shuffled_Accuracy
2026-03-09 06:21:34.667381,12,"[23, 53, 68, 121, 168, 249, 355, 367, 436, 574, 589, 831]",0.7523809523809524,"[23, 831, 574, 249, 53, 355, 121, 589, 168, 436, 367, 68]",0.638095238095238
2026-03-09 06:21:40.092720,2,"[149, 704]",0.7142857142857143,"[704, 149]",0.7714285714285715
2026-03-09 06:21:40.511401,3,"[58, 542, 561]",0.7523809523809524,"[58, 561, 542]",0.7523809523809524
2026-03-09 06:21:40.513226,10,"[218, 254, 350, 595, 687, 702, 705, 795, 815, 831]",0.780952380952381,"[254, 702, 831, 815, 595, 350, 705, 795, 218, 687]",0.7238095238095238
2026-03-09 06:21:41.709372,8,"[118, 209, 230, 273, 338, 439, 603, 618]",0.7142857142857143,"[118, 273, 338, 209, 439, 230, 603, 618]",0.7047619047619048
2026-03-09 06:21:41.711802,4,"[231, 326, 600, 676]",0.780952380952381,"[600, 676, 326, 231]",0.7333333333333333
2026-03-09 06:21:42.668211,6,"[114, 155, 249, 408, 502, 587]",0.7428571428571429,"[114, 408, 587, 155, 249, 502]",0.7904761904761904
2026-03-09 06:21:44.491458,16,"[5, 28, 63, 138, 150, 223, 266, 285, 347, 384, 440, 480, 520, 608, 610, 611]",0.7619047619047619,"[520, 28, 150, 384, 223, 347, 63, 611, 285, 608, 5, 610, 440, 480, 138, 266]",0.7523809523809524
2026-03-09 06:21:45.095534,32,"[39, 44, 48, 82, 100, 114, 119, 128, 182, 242, 291, 315, 317, 320, 337, 380, 462, 464, 468, 479, 486, 537, 539, 551, 602, 613, 667, 674, 684, 696, 725, 822]",0.7142857142857143,"[486, 464, 320, 684, 100, 44, 822, 551, 48, 317, 468, 602, 39, 674, 380, 479, 725, 667, 537, 182, 462, 539, 337, 696, 315, 119, 114, 242, 613, 82, 291, 128]",0.7619047619047619
2026-03-09 06:21:52.218950,20,"[43, 81, 130, 156, 159, 168, 214, 253, 281, 309, 320, 350, 368, 458, 513, 558, 630, 697, 753, 773]",0.7428571428571429,"[214, 558, 156, 630, 81, 368, 458, 43, 309, 350, 281, 697, 773, 320, 159, 513, 253, 130, 168, 753]",0.7238095238095238
2026-03-09 06:21:52.978295,24,"[7, 50, 70, 101, 117, 151, 201, 282, 323, 339, 368, 379, 419, 428, 430, 459, 512, 618, 624, 637, 662, 742, 790, 812]",0.6952380952380952,"[368, 117, 419, 7, 512, 742, 624, 201, 379, 151, 50, 637, 618, 662, 812, 459, 101, 323, 790, 430, 282, 428, 339, 70]",0.7428571428571429
2026-03-09 06:23:08.649913,12,"[23, 53, 68, 121, 168, 249, 355, 367, 436, 574, 589, 831]",0.7523809523809524,"[249, 53, 589, 68, 355, 574, 168, 436, 367, 23, 831, 121]",0.6761904761904762
2026-03-09 06:23:09.537194,3,"[58, 542, 561]",0.7523809523809524,"[561, 542, 58]",0.6857142857142857
2026-03-09 06:23:11.646194,10,"[218, 254, 350, 595, 687, 702, 705, 795, 815, 831]",0.780952380952381,"[831, 254, 815, 687, 218, 795, 595, 702, 350, 705]",0.7333333333333333
2026-03-09 06:23:14.208014,6,"[114, 155, 249, 408, 502, 587]",0.7428571428571429,"[587, 249, 114, 408, 155, 502]",0.7904761904761904
2026-03-09 06:23:15.066377,4,"[231, 326, 600, 676]",0.780952380952381,"[676, 231, 600, 326]",0.819047619047619
2026-03-09 06:23:15.697960,8,"[118, 209, 230, 273, 338, 439, 603, 618]",0.7142857142857143,"[273, 603, 618, 209, 230, 338, 118, 439]",0.7142857142857143
2026-03-09 06:23:25.937195,16,"[5, 28, 63, 138, 150, 223, 266, 285, 347, 384, 440, 480, 520, 608, 610, 611]",0.7619047619047619,"[347, 223, 480, 63, 266, 150, 610, 520, 440, 138, 285, 5, 28, 611, 608, 384]",0.7619047619047619
2026-03-09 06:23:26.422573,20,"[43, 81, 130, 156, 159, 168, 214, 253, 281, 309, 320, 350, 368, 458, 513, 558, 630, 697, 753, 773]",0.7428571428571429,"[309, 753, 368, 214, 130, 458, 159, 697, 253, 281, 773, 81, 513, 156, 350, 168, 320, 43, 630, 558]",0.7142857142857143
2026-03-09 06:23:28.423734,32,"[39, 44, 48, 82, 100, 114, 119, 128, 182, 242, 291, 315, 317, 320, 337, 380, 462, 464, 468, 479, 486, 537, 539, 551, 602, 613, 667, 674, 684, 696, 725, 822]",0.7142857142857143,"[684, 822, 539, 100, 551, 380, 479, 182, 317, 48, 337, 128, 242, 315, 486, 82, 667, 696, 602, 291, 613, 44, 468, 114, 725, 119, 464, 39, 320, 674, 537, 462]",0.7904761904761904
2026-03-09 06:23:35.196753,24,"[7, 50, 70, 101, 117, 151, 201, 282, 323, 339, 368, 379, 419, 428, 430, 459, 512, 618, 624, 637, 662, 742, 790, 812]",0.6952380952380952,"[512, 459, 618, 637, 323, 70, 428, 151, 742, 50, 812, 101, 790, 282, 339, 368, 624, 430, 201, 662, 7, 379, 117, 419]",0.6857142857142857
2026-03-09 06:24:42.219741,3,"[58, 542, 561]",0.7523809523809524,"[561, 58, 542]",0.6857142857142857
2026-03-09 06:24:43.867121,12,"[23, 53, 68, 121, 168, 249, 355, 367, 436, 574, 589, 831]",0.7523809523809524,"[367, 23, 589, 121, 831, 574, 249, 53, 68, 436, 168, 355]",0.7142857142857143
2026-03-09 06:24:44.875117,10,"[218, 254, 350, 595, 687, 702, 705, 795, 815, 831]",0.780952380952381,"[350, 687, 705, 831, 702, 254, 815, 595, 218, 795]",0.7238095238095238
2026-03-09 06:24:47.465048,6,"[114, 155, 249, 408, 502, 587]",0.7428571428571429,"[155, 502, 249, 408, 114, 587]",0.7333333333333333
2026-03-09 06:24:48.261438,8,"[118, 209, 230, 273, 338, 439, 603, 618]",0.7142857142857143,"[209, 273, 439, 338, 603, 118, 618, 230]",0.7142857142857143
2026-03-09 06:24:51.854679,4,"[231, 326, 600, 676]",0.780952380952381,"[326, 600, 676, 231]",0.7142857142857143
2026-03-09 06:24:59.309629,16,"[5, 28, 63, 138, 150, 223, 266, 285, 347, 384, 440, 480, 520, 608, 610, 611]",0.7619047619047619,"[440, 384, 608, 223, 347, 266, 285, 28, 138, 520, 480, 610, 63, 5, 611, 150]",0.7238095238095238
2026-03-09 06:25:03.541732,20,"[43, 81, 130, 156, 159, 168, 214, 253, 281, 309, 320, 350, 368, 458, 513, 558, 630, 697, 753, 773]",0.7428571428571429,"[320, 558, 214, 368, 168, 81, 281, 513, 773, 630, 130, 156, 159, 697, 350, 253, 458, 753, 309, 43]",0.7333333333333333
2026-03-09 06:25:07.365783,32,"[39, 44, 48, 82, 100, 114, 119, 128, 182, 242, 291, 315, 317, 320, 337, 380, 462, 464, 468, 479, 486, 537, 539, 551, 602, 613, 667, 674, 684, 696, 725, 822]",0.7142857142857143,"[539, 537, 479, 182, 315, 128, 291, 317, 320, 551, 82, 684, 674, 48, 725, 462, 468, 464, 486, 39, 242, 119, 602, 613, 100, 380, 667, 822, 44, 696, 114, 337]",0.780952380952381
2026-03-09 06:25:13.359579,24,"[7, 50, 70, 101, 117, 151, 201, 282, 323, 339, 368, 379, 419, 428, 430, 459, 512, 618, 624, 637, 662, 742, 790, 812]",0.6952380952380952,"[812, 117, 742, 430, 282, 70, 662, 151, 512, 339, 618, 624, 790, 201, 368, 50, 428, 459, 379, 101, 637, 7, 323, 419]",0.7047619047619048
2026-03-09 06:26:13.360269,3,"[58, 542, 561]",0.7523809523809524,"[542, 561, 58]",0.6666666666666666
2026-03-09 06:26:17.495580,12,"[23, 53, 68, 121, 168, 249, 355, 367, 436, 574, 589, 831]",0.7523809523809524,"[121, 367, 68, 436, 831, 53, 574, 168, 249, 23, 589, 355]",0.7523809523809524
2026-03-09 06:26:18.406688,10,"[218, 254, 350, 595, 687, 702, 705, 795, 815, 831]",0.780952380952381,"[350, 254, 702, 595, 687, 815, 218, 705, 831, 795]",0.6952380952380952
2026-03-09 06:26:19.934117,8,"[118, 209, 230, 273, 338, 439, 603, 618]",0.7142857142857143,"[618, 118, 439, 273, 338, 230, 603, 209]",0.6857142857142857
2026-03-09 06:26:24.303167,6,"[114, 155, 249, 408, 502, 587]",0.7428571428571429,"[249, 114, 408, 587, 502, 155]",0.7047619047619048
2026-03-09 06:26:28.095830,4,"[231, 326, 600, 676]",0.780952380952381,"[326, 231, 676, 600]",0.7523809523809524
2026-03-09 06:26:34.181840,16,"[5, 28, 63, 138, 150, 223, 266, 285, 347, 384, 440, 480, 520, 608, 610, 611]",0.7619047619047619,"[266, 480, 610, 138, 63, 223, 384, 520, 347, 611, 28, 440, 608, 150, 5, 285]",0.8
2026-03-09 06:26:38.377724,20,"[43, 81, 130, 156, 159, 168, 214, 253, 281, 309, 320, 350, 368, 458, 513, 558, 630, 697, 753, 773]",0.7428571428571429,"[253, 159, 81, 43, 753, 156, 320, 773, 281, 630, 368, 168, 130, 458, 697, 350, 214, 309, 558, 513]",0.6857142857142857
2026-03-09 06:26:49.452122,32,"[39, 44, 48, 82, 100, 114, 119, 128, 182, 242, 291, 315, 317, 320, 337, 380, 462, 464, 468, 479, 486, 537, 539, 551, 602, 613, 667, 674, 684, 696, 725, 822]",0.7142857142857143,"[114, 315, 537, 317, 539, 551, 182, 128, 337, 462, 82, 39, 291, 320, 822, 468, 486, 613, 48, 380, 684, 602, 44, 696, 464, 674, 242, 667, 479, 100, 119, 725]",0.7333333333333333
2026-03-09 06:26:53.315820,24,"[7, 50, 70, 101, 117, 151, 201, 282, 323, 339, 368, 379, 419, 428, 430, 459, 512, 618, 624, 637, 662, 742, 790, 812]",0.6952380952380952,"[282, 101, 428, 419, 201, 379, 742, 618, 637, 151, 117, 70, 512, 323, 662, 50, 624, 430, 812, 459, 790, 7, 339, 368]",0.7714285714285715
2026-03-09 06:27:48.671992,3,"[58, 542, 561]",0.7523809523809524,"[542, 58, 561]",0.7047619047619048
2026-03-09 06:27:48.878937,8,"[118, 209, 230, 273, 338, 439, 603, 618]",0.7142857142857143,"[618, 603, 118, 273, 230, 338, 439, 209]",0.7047619047619048
2026-03-09 06:27:49.827529,10,"[218, 254, 350, 595, 687, 702, 705, 795, 815, 831]",0.780952380952381,"[795, 218, 831, 705, 687, 595, 254, 350, 815, 702]",0.7047619047619048
2026-03-09 06:27:51.836176,12,"[23, 53, 68, 121, 168, 249, 355, 367, 436, 574, 589, 831]",0.7523809523809524,"[249, 68, 574, 831, 53, 168, 436, 367, 589, 23, 121, 355]",0.7047619047619048
2026-03-09 06:27:58.061382,4,"[231, 326, 600, 676]",0.780952380952381,"[600, 326, 676, 231]",0.7333333333333333
2026-03-09 06:28:00.268668,6,"[114, 155, 249, 408, 502, 587]",0.7428571428571429,"[155, 249, 502, 408, 587, 114]",0.6476190476190476
2026-03-09 06:28:08.419174,16,"[5, 28, 63, 138, 150, 223, 266, 285, 347, 384, 440, 480, 520, 608, 610, 611]",0.7619047619047619,"[266, 611, 223, 150, 480, 440, 5, 63, 28, 608, 520, 384, 610, 285, 138, 347]",0.7904761904761904
2026-03-09 06:28:12.226124,20,"[43, 81, 130, 156, 159, 168, 214, 253, 281, 309, 320, 350, 368, 458, 513, 558, 630, 697, 753, 773]",0.7428571428571429,"[630, 159, 558, 753, 458, 309, 350, 81, 214, 130, 697, 368, 168, 281, 320, 253, 773, 513, 43, 156]",0.6571428571428571
2026-03-09 06:28:24.712878,32,"[39, 44, 48, 82, 100, 114, 119, 128, 182, 242, 291, 315, 317, 320, 337, 380, 462, 464, 468, 479, 486, 537, 539, 551, 602, 613, 667, 674, 684, 696, 725, 822]",0.7142857142857143,"[537, 684, 667, 674, 291, 39, 82, 602, 696, 48, 380, 44, 100, 539, 315, 317, 613, 486, 242, 128, 114, 479, 822, 119, 320, 725, 464, 337, 182, 462, 551, 468]",0.7333333333333333
2026-03-09 06:28:28.319577,24,"[7, 50, 70, 101, 117, 151, 201, 282, 323, 339, 368, 379, 419, 428, 430, 459, 512, 618, 624, 637, 662, 742, 790, 812]",0.6952380952380952,"[430, 419, 70, 323, 282, 662, 368, 7, 50, 459, 624, 339, 201, 379, 790, 512, 637, 428, 742, 101, 812, 618, 117, 151]",0.7238095238095238
2026-03-09 06:29:14.518754,8,"[118, 209, 230, 273, 338, 439, 603, 618]",0.7142857142857143,"[338, 603, 618, 209, 118, 273, 230, 439]",0.6476190476190476
2026-03-09 06:29:19.079773,10,"[218, 254, 350, 595, 687, 702, 705, 795, 815, 831]",0.780952380952381,"[254, 815, 831, 218, 595, 687, 795, 705, 350, 702]",0.6857142857142857
2026-03-09 06:29:20.586663,12,"[23, 53, 68, 121, 168, 249, 355, 367, 436, 574, 589, 831]",0.7523809523809524,"[831, 249, 53, 168, 436, 68, 355, 121, 367, 23, 574, 589]",0.6857142857142857
2026-03-09 06:29:23.367099,4,"[231, 326, 600, 676]",0.780952380952381,"[676, 326, 231, 600]",0.780952380952381
2026-03-09 06:29:29.320638,6,"[114, 155, 249, 408, 502, 587]",0.7428571428571429,"[249, 587, 114, 502, 155, 408]",0.7333333333333333
2026-03-09 06:29:39.688900,20,"[43, 81, 130, 156, 159, 168, 214, 253, 281, 309, 320, 350, 368, 458, 513, 558, 630, 697, 753, 773]",0.7428571428571429,"[168, 458, 309, 281, 43, 350, 513, 130, 156, 773, 214, 159, 697, 253, 630, 368, 81, 320, 753, 558]",0.7142857142857143
2026-03-09 06:29:39.693380,16,"[5, 28, 63, 138, 150, 223, 266, 285, 347, 384, 440, 480, 520, 608, 610, 611]",0.7619047619047619,"[440, 223, 520, 610, 266, 384, 347, 138, 5, 608, 28, 63, 285, 480, 150, 611]",0.6761904761904762
2026-03-09 06:29:56.598672,24,"[7, 50, 70, 101, 117, 151, 201, 282, 323, 339, 368, 379, 419, 428, 430, 459, 512, 618, 624, 637, 662, 742, 790, 812]",0.6952380952380952,"[282, 459, 512, 368, 7, 430, 117, 339, 662, 812, 618, 70, 419, 151, 50, 624, 742, 790, 428, 323, 101, 637, 201, 379]",0.7047619047619048
2026-03-09 06:30:01.016837,32,"[39, 44, 48, 82, 100, 114, 119, 128, 182, 242, 291, 315, 317, 320, 337, 380, 462, 464, 468, 479, 486, 537, 539, 551, 602, 613, 667, 674, 684, 696, 725, 822]",0.7142857142857143,"[468, 317, 380, 822, 315, 462, 551, 464, 613, 486, 182, 539, 696, 537, 291, 82, 602, 674, 39, 684, 667, 725, 337, 48, 128, 479, 320, 114, 100, 44, 119, 242]",0.780952380952381
2026-03-09 06:30:38.228589,8,"[118, 209, 230, 273, 338, 439, 603, 618]",0.7142857142857143,"[273, 118, 439, 603, 338, 230, 209, 618]",0.7047619047619048
2026-03-09 06:30:48.347160,12,"[23, 53, 68, 121, 168, 249, 355, 367, 436, 574, 589, 831]",0.7523809523809524,"[168, 574, 831, 121, 355, 53, 68, 589, 367, 23, 436, 249]",0.780952380952381
2026-03-09 06:30:48.743520,10,"[218, 254, 350, 595, 687, 702, 705, 795, 815, 831]",0.780952380952381,"[687, 350, 705, 218, 702, 254, 831, 795, 815, 595]",0.7523809523809524
2026-03-09 06:30:51.302549,4,"[231, 326, 600, 676]",0.780952380952381,"[600, 326, 231, 676]",0.7142857142857143
2026-03-09 06:30:57.059181,6,"[114, 155, 249, 408, 502, 587]",0.7428571428571429,"[502, 155, 408, 114, 587, 249]",0.7714285714285715
2026-03-09 06:31:08.124396,20,"[43, 81, 130, 156, 159, 168, 214, 253, 281, 309, 320, 350, 368, 458, 513, 558, 630, 697, 753, 773]",0.7428571428571429,"[281, 253, 168, 513, 753, 773, 214, 458, 156, 309, 368, 630, 697, 320, 130, 43, 81, 159, 350, 558]",0.7142857142857143
2026-03-09 06:31:08.531337,16,"[5, 28, 63, 138, 150, 223, 266, 285, 347, 384, 440, 480, 520, 608, 610, 611]",0.7619047619047619,"[28, 266, 611, 384, 63, 520, 440, 480, 223, 608, 150, 347, 610, 285, 5, 138]",0.7428571428571429
2026-03-09 06:31:26.217615,24,"[7, 50, 70, 101, 117, 151, 201, 282, 323, 339, 368, 379, 419, 428, 430, 459, 512, 618, 624, 637, 662, 742, 790, 812]",0.6952380952380952,"[282, 430, 201, 459, 339, 7, 70, 742, 117, 368, 662, 50, 379, 812, 790, 428, 419, 512, 323, 624, 151, 637, 618, 101]",0.7047619047619048
2026-03-09 06:31:35.576039,32,"[39, 44, 48, 82, 100, 114, 119, 128, 182, 242, 291, 315, 317, 320, 337, 380, 462, 464, 468, 479, 486, 537, 539, 551, 602, 613, 667, 674, 684, 696, 725, 822]",0.7142857142857143,"[696, 182, 486, 82, 613, 462, 291, 684, 320, 315, 100, 468, 602, 479, 539, 822, 44, 39, 537, 551, 725, 337, 128, 119, 674, 380, 464, 667, 242, 114, 48, 317]",0.7238095238095238
2026-03-09 06:32:04.770517,8,"[118, 209, 230, 273, 338, 439, 603, 618]",0.7142857142857143,"[230, 618, 209, 273, 118, 338, 439, 603]",0.7428571428571429
2026-03-09 06:32:13.483174,12,"[23, 53, 68, 121, 168, 249, 355, 367, 436, 574, 589, 831]",0.7523809523809524,"[831, 355, 68, 249, 53, 574, 168, 121, 367, 436, 589, 23]",0.6190476190476191
2026-03-09 06:32:14.557339,10,"[218, 254, 350, 595, 687, 702, 705, 795, 815, 831]",0.780952380952381,"[705, 831, 218, 815, 702, 795, 254, 687, 595, 350]",0.6761904761904762
2026-03-09 06:32:21.723469,4,"[231, 326, 600, 676]",0.780952380952381,"[231, 326, 676, 600]",0.7523809523809524
2026-03-09 06:32:22.148104,6,"[114, 155, 249, 408, 502, 587]",0.7428571428571429,"[155, 502, 408, 587, 114, 249]",0.7142857142857143
2026-03-09 06:32:35.894819,16,"[5, 28, 63, 138, 150, 223, 266, 285, 347, 384, 440, 480, 520, 608, 610, 611]",0.7619047619047619,"[608, 347, 5, 520, 150, 480, 384, 63, 285, 28, 611, 223, 610, 138, 440, 266]",0.780952380952381
2026-03-09 06:32:40.877195,20,"[43, 81, 130, 156, 159, 168, 214, 253, 281, 309, 320, 350, 368, 458, 513, 558, 630, 697, 753, 773]",0.7428571428571429,"[253, 43, 168, 558, 697, 81, 156, 458, 773, 214, 320, 513, 130, 159, 753, 309, 350, 368, 281, 630]",0.6857142857142857
2026-03-09 06:32:57.350701,24,"[7, 50, 70, 101, 117, 151, 201, 282, 323, 339, 368, 379, 419, 428, 430, 459, 512, 618, 624, 637, 662, 742, 790, 812]",0.6952380952380952,"[459, 70, 50, 790, 282, 7, 419, 368, 812, 430, 637, 339, 151, 117, 323, 428, 742, 624, 201, 101, 662, 618, 379, 512]",0.7428571428571429
2026-03-09 06:33:10.589566,32,"[39, 44, 48, 82, 100, 114, 119, 128, 182, 242, 291, 315, 317, 320, 337, 380, 462, 464, 468, 479, 486, 537, 539, 551, 602, 613, 667, 674, 684, 696, 725, 822]",0.7142857142857143,"[696, 464, 551, 468, 291, 337, 462, 539, 674, 684, 537, 479, 242, 114, 39, 128, 119, 613, 100, 82, 667, 602, 320, 182, 822, 380, 725, 317, 315, 48, 486, 44]",0.7523809523809524
2026-03-09 06:33:31.421028,8,"[118, 209, 230, 273, 338, 439, 603, 618]",0.7142857142857143,"[439, 273, 209, 118, 230, 603, 338, 618]",0.6666666666666666
2026-03-09 06:33:41.093900,10,"[218, 254, 350, 595, 687, 702, 705, 795, 815, 831]",0.780952380952381,"[815, 702, 218, 254, 795, 687, 705, 831, 350, 595]",0.6857142857142857
2026-03-09 06:33:41.682604,12,"[23, 53, 68, 121, 168, 249, 355, 367, 436, 574, 589, 831]",0.7523809523809524,"[355, 574, 53, 121, 68, 831, 367, 23, 589, 249, 168, 436]",0.780952380952381
2026-03-09 06:33:47.979707,4,"[231, 326, 600, 676]",0.780952380952381,"[326, 676, 231, 600]",0.8095238095238095
2026-03-09 06:33:48.208808,6,"[114, 155, 249, 408, 502, 587]",0.7428571428571429,"[587, 502, 114, 155, 408, 249]",0.8
2026-03-09 06:34:01.041140,16,"[5, 28, 63, 138, 150, 223, 266, 285, 347, 384, 440, 480, 520, 608, 610, 611]",0.7619047619047619,"[138, 347, 611, 608, 63, 440, 610, 28, 285, 480, 266, 223, 5, 520, 384, 150]",0.7904761904761904
2026-03-09 06:34:11.363693,20,"[43, 81, 130, 156, 159, 168, 214, 253, 281, 309, 320, 350, 368, 458, 513, 558, 630, 697, 753, 773]",0.7428571428571429,"[697, 558, 368, 156, 81, 320, 773, 281, 513, 130, 309, 168, 630, 753, 214, 159, 458, 43, 350, 253]",0.7523809523809524
2026-03-09 06:34:28.725183,24,"[7, 50, 70, 101, 117, 151, 201, 282, 323, 339, 368, 379, 419, 428, 430, 459, 512, 618, 624, 637, 662, 742, 790, 812]",0.6952380952380952,"[379, 7, 430, 339, 101, 419, 459, 624, 428, 790, 742, 50, 117, 512, 70, 323, 637, 368, 662, 151, 618, 201, 282, 812]",0.7428571428571429
2026-03-09 06:34:41.503458,32,"[39, 44, 48, 82, 100, 114, 119, 128, 182, 242, 291, 315, 317, 320, 337, 380, 462, 464, 468, 479, 486, 537, 539, 551, 602, 613, 667, 674, 684, 696, 725, 822]",0.7142857142857143,"[725, 380, 242, 128, 48, 537, 486, 602, 613, 114, 337, 291, 684, 462, 539, 100, 82, 182, 39, 479, 119, 315, 44, 696, 320, 464, 468, 822, 317, 667, 551, 674]",0.7523809523809524
2026-03-09 06:35:00.676462,8,"[118, 209, 230, 273, 338, 439, 603, 618]",0.7142857142857143,"[603, 439, 209, 273, 338, 618, 230, 118]",0.7047619047619048
2026-03-09 06:35:08.664613,10,"[218, 254, 350, 595, 687, 702, 705, 795, 815, 831]",0.780952380952381,"[687, 831, 350, 218, 795, 705, 702, 254, 595, 815]",0.7428571428571429
2026-03-09 06:35:12.725095,12,"[23, 53, 68, 121, 168, 249, 355, 367, 436, 574, 589, 831]",0.7523809523809524,"[589, 53, 367, 23, 168, 574, 121, 436, 249, 831, 68, 355]",0.7333333333333333
2026-03-09 06:35:15.677561,4,"[231, 326, 600, 676]",0.780952380952381,"[600, 231, 326, 676]",0.7333333333333333
2026-03-09 06:35:19.005251,6,"[114, 155, 249, 408, 502, 587]",0.7428571428571429,"[587, 408, 155, 114, 249, 502]",0.8
2026-03-09 06:35:28.092392,16,"[5, 28, 63, 138, 150, 223, 266, 285, 347, 384, 440, 480, 520, 608, 610, 611]",0.7619047619047619,"[63, 150, 384, 5, 347, 610, 480, 138, 440, 223, 28, 266, 608, 611, 285, 520]",0.8
2026-03-09 06:35:41.115467,20,"[43, 81, 130, 156, 159, 168, 214, 253, 281, 309, 320, 350, 368, 458, 513, 558, 630, 697, 753, 773]",0.7428571428571429,"[168, 214, 558, 513, 81, 309, 753, 697, 281, 130, 458, 43, 368, 159, 320, 253, 350, 630, 156, 773]",0.6952380952380952
2026-03-09 06:35:57.945369,24,"[7, 50, 70, 101, 117, 151, 201, 282, 323, 339, 368, 379, 419, 428, 430, 459, 512, 618, 624, 637, 662, 742, 790, 812]",0.6952380952380952,"[368, 419, 637, 812, 742, 339, 7, 323, 428, 101, 379, 459, 151, 201, 70, 117, 790, 430, 624, 662, 512, 282, 50, 618]",0.7142857142857143
2026-03-09 06:36:13.766839,32,"[39, 44, 48, 82, 100, 114, 119, 128, 182, 242, 291, 315, 317, 320, 337, 380, 462, 464, 468, 479, 486, 537, 539, 551, 602, 613, 667, 674, 684, 696, 725, 822]",0.7142857142857143,"[119, 468, 537, 182, 291, 613, 479, 100, 696, 39, 684, 82, 48, 315, 725, 337, 462, 114, 44, 539, 380, 602, 674, 486, 667, 128, 242, 822, 317, 464, 551, 320]",0.7238095238095238
2026-03-09 06:36:29.156032,8,"[118, 209, 230, 273, 338, 439, 603, 618]",0.7142857142857143,"[603, 618, 273, 209, 118, 338, 439, 230]",0.7047619047619048
2026-03-09 06:36:35.458068,10,"[218, 254, 350, 595, 687, 702, 705, 795, 815, 831]",0.780952380952381,"[350, 705, 831, 815, 795, 218, 595, 254, 687, 702]",0.6952380952380952
2026-03-09 06:36:44.718360,4,"[231, 326, 600, 676]",0.780952380952381,"[231, 600, 326, 676]",0.8
2026-03-09 06:36:44.719538,12,"[23, 53, 68, 121, 168, 249, 355, 367, 436, 574, 589, 831]",0.7523809523809524,"[23, 589, 121, 249, 53, 831, 436, 355, 68, 574, 168, 367]",0.7047619047619048
2026-03-09 06:36:45.084312,6,"[114, 155, 249, 408, 502, 587]",0.7428571428571429,"[114, 155, 408, 587, 502, 249]",0.7904761904761904
2026-03-09 06:36:51.554411,16,"[5, 28, 63, 138, 150, 223, 266, 285, 347, 384, 440, 480, 520, 608, 610, 611]",0.7619047619047619,"[63, 223, 608, 610, 440, 285, 384, 150, 520, 266, 347, 28, 611, 480, 5, 138]",0.7238095238095238
2026-03-09 06:37:10.759279,20,"[43, 81, 130, 156, 159, 168, 214, 253, 281, 309, 320, 350, 368, 458, 513, 558, 630, 697, 753, 773]",0.7428571428571429,"[156, 253, 214, 81, 558, 309, 513, 350, 159, 168, 281, 130, 697, 368, 753, 630, 773, 43, 458, 320]",0.6857142857142857
2026-03-09 06:37:29.533090,24,"[7, 50, 70, 101, 117, 151, 201, 282, 323, 339, 368, 379, 419, 428, 430, 459, 512, 618, 624, 637, 662, 742, 790, 812]",0.6952380952380952,"[637, 512, 662, 624, 428, 790, 282, 151, 323, 812, 430, 117, 7, 379, 419, 201, 459, 368, 742, 618, 101, 50, 70, 339]",0.7142857142857143
2026-03-09 06:37:48.188730,32,"[39, 44, 48, 82, 100, 114, 119, 128, 182, 242, 291, 315, 317, 320, 337, 380, 462, 464, 468, 479, 486, 537, 539, 551, 602, 613, 667, 674, 684, 696, 725, 822]",0.7142857142857143,"[725, 539, 114, 380, 317, 315, 337, 479, 464, 537, 182, 822, 613, 44, 320, 82, 128, 486, 39, 696, 119, 291, 462, 100, 468, 674, 602, 48, 667, 242, 551, 684]",0.7523809523809524
2026-03-09 06:37:55.467278,8,"[118, 209, 230, 273, 338, 439, 603, 618]",0.7142857142857143,"[209, 603, 618, 439, 338, 118, 230, 273]",0.6285714285714286
2026-03-09 06:38:03.297501,10,"[218, 254, 350, 595, 687, 702, 705, 795, 815, 831]",0.780952380952381,"[702, 687, 705, 254, 831, 595, 795, 350, 218, 815]",0.7523809523809524
2026-03-09 06:38:09.062300,4,"[231, 326, 600, 676]",0.780952380952381,"[676, 600, 231, 326]",0.7904761904761904
2026-03-09 06:38:16.527235,6,"[114, 155, 249, 408, 502, 587]",0.7428571428571429,"[155, 249, 408, 502, 114, 587]",0.6761904761904762
2026-03-09 06:38:17.902747,12,"[23, 53, 68, 121, 168, 249, 355, 367, 436, 574, 589, 831]",0.7523809523809524,"[168, 436, 23, 68, 249, 355, 589, 574, 121, 831, 367, 53]",0.7142857142857143
2026-03-09 06:38:20.193126,16,"[5, 28, 63, 138, 150, 223, 266, 285, 347, 384, 440, 480, 520, 608, 610, 611]",0.7619047619047619,"[611, 63, 138, 440, 384, 520, 480, 285, 5, 266, 608, 610, 347, 28, 150, 223]",0.7142857142857143
2026-03-09 06:38:39.788479,20,"[43, 81, 130, 156, 159, 168, 214, 253, 281, 309, 320, 350, 368, 458, 513, 558, 630, 697, 753, 773]",0.7428571428571429,"[458, 630, 214, 558, 753, 773, 156, 320, 253, 159, 309, 43, 281, 168, 130, 81, 368, 513, 697, 350]",0.6476190476190476
2026-03-09 06:39:01.377862,24,"[7, 50, 70, 101, 117, 151, 201, 282, 323, 339, 368, 379, 419, 428, 430, 459, 512, 618, 624, 637, 662, 742, 790, 812]",0.6952380952380952,"[70, 282, 742, 323, 459, 637, 790, 624, 151, 7, 101, 430, 379, 419, 662, 50, 812, 428, 618, 512, 368, 339, 201, 117]",0.6666666666666666
2026-03-09 06:39:19.742273,8,"[118, 209, 230, 273, 338, 439, 603, 618]",0.7142857142857143,"[118, 230, 209, 603, 439, 273, 618, 338]",0.7333333333333333
2026-03-09 06:39:23.176538,32,"[39, 44, 48, 82, 100, 114, 119, 128, 182, 242, 291, 315, 317, 320, 337, 380, 462, 464, 468, 479, 486, 537, 539, 551, 602, 613, 667, 674, 684, 696, 725, 822]",0.7142857142857143,"[462, 725, 100, 317, 82, 537, 315, 48, 479, 291, 114, 320, 44, 822, 128, 242, 674, 39, 602, 486, 182, 468, 684, 119, 696, 337, 613, 551, 464, 539, 380, 667]",0.7619047619047619
2026-03-09 06:39:26.733920,10,"[218, 254, 350, 595, 687, 702, 705, 795, 815, 831]",0.780952380952381,"[687, 218, 595, 815, 795, 705, 702, 254, 831, 350]",0.7142857142857143
2026-03-09 06:39:34.670999,4,"[231, 326, 600, 676]",0.780952380952381,"[600, 676, 231, 326]",0.7714285714285715
2026-03-09 06:39:42.330879,6,"[114, 155, 249, 408, 502, 587]",0.7428571428571429,"[502, 114, 155, 587, 408, 249]",0.7904761904761904
2026-03-09 06:39:44.581722,12,"[23, 53, 68, 121, 168, 249, 355, 367, 436, 574, 589, 831]",0.7523809523809524,"[367, 23, 168, 68, 831, 355, 53, 436, 574, 249, 589, 121]",0.6761904761904762
2026-03-09 06:39:46.029686,16,"[5, 28, 63, 138, 150, 223, 266, 285, 347, 384, 440, 480, 520, 608, 610, 611]",0.7619047619047619,"[285, 5, 150, 384, 347, 266, 480, 608, 520, 440, 28, 611, 63, 610, 223, 138]",0.7523809523809524
2026-03-09 06:40:05.310096,20,"[43, 81, 130, 156, 159, 168, 214, 253, 281, 309, 320, 350, 368, 458, 513, 558, 630, 697, 753, 773]",0.7428571428571429,"[130, 513, 350, 558, 81, 773, 368, 281, 168, 309, 43, 458, 159, 753, 156, 214, 253, 320, 630, 697]",0.6952380952380952
2026-03-09 06:40:29.149543,24,"[7, 50, 70, 101, 117, 151, 201, 282, 323, 339, 368, 379, 419, 428, 430, 459, 512, 618, 624, 637, 662, 742, 790, 812]",0.6952380952380952,"[618, 790, 151, 101, 428, 323, 662, 117, 419, 742, 430, 368, 50, 70, 339, 637, 512, 7, 459, 812, 282, 201, 624, 379]",0.7142857142857143
2026-03-09 06:40:43.780649,8,"[118, 209, 230, 273, 338, 439, 603, 618]",0.7142857142857143,"[618, 338, 603, 439, 230, 118, 273, 209]",0.6476190476190476
2026-03-09 06:40:48.352222,10,"[218, 254, 350, 595, 687, 702, 705, 795, 815, 831]",0.780952380952381,"[831, 795, 815, 350, 218, 254, 705, 595, 687, 702]",0.7142857142857143
2026-03-09 06:40:55.813303,32,"[39, 44, 48, 82, 100, 114, 119, 128, 182, 242, 291, 315, 317, 320, 337, 380, 462, 464, 468, 479, 486, 537, 539, 551, 602, 613, 667, 674, 684, 696, 725, 822]",0.7142857142857143,"[182, 128, 242, 39, 82, 822, 380, 479, 462, 315, 100, 602, 464, 684, 674, 337, 114, 291, 48, 539, 44, 613, 725, 537, 486, 119, 696, 468, 320, 667, 551, 317]",0.7333333333333333
2026-03-09 06:40:59.605986,4,"[231, 326, 600, 676]",0.780952380952381,"[676, 326, 600, 231]",0.8095238095238095
2026-03-09 06:41:08.295115,6,"[114, 155, 249, 408, 502, 587]",0.7428571428571429,"[587, 502, 155, 408, 249, 114]",0.6952380952380952
2026-03-09 06:41:13.685457,12,"[23, 53, 68, 121, 168, 249, 355, 367, 436, 574, 589, 831]",0.7523809523809524,"[831, 168, 53, 355, 249, 121, 367, 68, 574, 589, 23, 436]",0.7142857142857143
2026-03-09 06:41:15.600503,16,"[5, 28, 63, 138, 150, 223, 266, 285, 347, 384, 440, 480, 520, 608, 610, 611]",0.7619047619047619,"[480, 138, 520, 285, 63, 384, 5, 440, 266, 28, 223, 611, 347, 150, 608, 610]",0.7428571428571429
2026-03-09 06:41:32.004804,20,"[43, 81, 130, 156, 159, 168, 214, 253, 281, 309, 320, 350, 368, 458, 513, 558, 630, 697, 753, 773]",0.7428571428571429,"[558, 697, 368, 458, 513, 350, 320, 253, 168, 156, 281, 630, 130, 309, 43, 753, 159, 81, 214, 773]",0.7428571428571429
2026-03-09 06:41:58.465511,24,"[7, 50, 70, 101, 117, 151, 201, 282, 323, 339, 368, 379, 419, 428, 430, 459, 512, 618, 624, 637, 662, 742, 790, 812]",0.6952380952380952,"[812, 368, 430, 618, 379, 624, 339, 742, 70, 419, 50, 101, 282, 323, 459, 117, 428, 662, 512, 151, 790, 7, 201, 637]",0.7238095238095238
2026-03-09 06:42:10.038926,8,"[118, 209, 230, 273, 338, 439, 603, 618]",0.7142857142857143,"[273, 230, 209, 118, 338, 603, 439, 618]",0.6476190476190476
2026-03-09 06:42:16.030527,10,"[218, 254, 350, 595, 687, 702, 705, 795, 815, 831]",0.780952380952381,"[254, 815, 218, 687, 795, 705, 350, 702, 831, 595]",0.6952380952380952
2026-03-09 06:42:21.686392,4,"[231, 326, 600, 676]",0.780952380952381,"[231, 600, 676, 326]",0.8
2026-03-09 06:42:26.996554,6,"[114, 155, 249, 408, 502, 587]",0.7428571428571429,"[587, 249, 155, 408, 502, 114]",0.6952380952380952
2026-03-09 06:42:32.627094,32,"[39, 44, 48, 82, 100, 114, 119, 128, 182, 242, 291, 315, 317, 320, 337, 380, 462, 464, 468, 479, 486, 537, 539, 551, 602, 613, 667, 674, 684, 696, 725, 822]",0.7142857142857143,"[674, 114, 315, 725, 464, 82, 317, 468, 44, 337, 539, 822, 182, 684, 613, 128, 667, 602, 462, 551, 39, 119, 380, 696, 486, 242, 537, 48, 291, 100, 479, 320]",0.7333333333333333
2026-03-09 06:42:42.631875,12,"[23, 53, 68, 121, 168, 249, 355, 367, 436, 574, 589, 831]",0.7523809523809524,"[367, 68, 168, 574, 249, 831, 589, 355, 436, 23, 121, 53]",0.7142857142857143
2026-03-09 06:42:44.314957,16,"[5, 28, 63, 138, 150, 223, 266, 285, 347, 384, 440, 480, 520, 608, 610, 611]",0.7619047619047619,"[150, 608, 63, 480, 5, 28, 266, 384, 611, 440, 520, 285, 138, 347, 610, 223]",0.7904761904761904
2026-03-09 06:42:59.133880,20,"[43, 81, 130, 156, 159, 168, 214, 253, 281, 309, 320, 350, 368, 458, 513, 558, 630, 697, 753, 773]",0.7428571428571429,"[350, 130, 214, 753, 458, 368, 558, 168, 253, 81, 630, 281, 156, 773, 43, 697, 513, 159, 320, 309]",0.6857142857142857
2026-03-09 06:43:28.735822,24,"[7, 50, 70, 101, 117, 151, 201, 282, 323, 339, 368, 379, 419, 428, 430, 459, 512, 618, 624, 637, 662, 742, 790, 812]",0.6952380952380952,"[428, 637, 430, 742, 618, 282, 323, 50, 624, 812, 459, 117, 379, 201, 70, 662, 151, 790, 339, 512, 7, 368, 101, 419]",0.7333333333333333
2026-03-09 06:43:34.348968,8,"[118, 209, 230, 273, 338, 439, 603, 618]",0.7142857142857143,"[230, 209, 118, 273, 603, 618, 338, 439]",0.7142857142857143
2026-03-09 06:43:44.350960,10,"[218, 254, 350, 595, 687, 702, 705, 795, 815, 831]",0.780952380952381,"[702, 815, 831, 350, 218, 795, 595, 254, 687, 705]",0.7428571428571429
2026-03-09 06:43:50.062525,4,"[231, 326, 600, 676]",0.780952380952381,"[326, 676, 600, 231]",0.7904761904761904
2026-03-09 06:43:54.471975,6,"[114, 155, 249, 408, 502, 587]",0.7428571428571429,"[587, 114, 408, 155, 249, 502]",0.780952380952381
2026-03-09 06:44:06.393339,32,"[39, 44, 48, 82, 100, 114, 119, 128, 182, 242, 291, 315, 317, 320, 337, 380, 462, 464, 468, 479, 486, 537, 539, 551, 602, 613, 667, 674, 684, 696, 725, 822]",0.7142857142857143,"[242, 822, 100, 320, 684, 602, 48, 114, 613, 380, 39, 479, 182, 468, 317, 725, 696, 486, 551, 537, 82, 119, 674, 462, 464, 291, 539, 337, 667, 44, 128, 315]",0.7523809523809524
2026-03-09 06:44:06.440903,16,"[5, 28, 63, 138, 150, 223, 266, 285, 347, 384, 440, 480, 520, 608, 610, 611]",0.7619047619047619,"[520, 440, 138, 611, 610, 347, 266, 28, 223, 480, 384, 608, 5, 63, 285, 150]",0.7142857142857143
2026-03-09 06:44:10.925051,12,"[23, 53, 68, 121, 168, 249, 355, 367, 436, 574, 589, 831]",0.7523809523809524,"[831, 367, 436, 53, 589, 68, 249, 168, 121, 355, 23, 574]",0.6666666666666666
2026-03-09 06:44:26.582353,20,"[43, 81, 130, 156, 159, 168, 214, 253, 281, 309, 320, 350, 368, 458, 513, 558, 630, 697, 753, 773]",0.7428571428571429,"[159, 281, 81, 513, 168, 253, 130, 320, 368, 630, 309, 458, 773, 43, 156, 558, 697, 753, 214, 350]",0.6095238095238096
2026-03-09 06:44:59.877712,8,"[118, 209, 230, 273, 338, 439, 603, 618]",0.7142857142857143,"[439, 618, 603, 338, 118, 209, 273, 230]",0.6761904761904762
2026-03-09 06:45:02.115960,24,"[7, 50, 70, 101, 117, 151, 201, 282, 323, 339, 368, 379, 419, 428, 430, 459, 512, 618, 624, 637, 662, 742, 790, 812]",0.6952380952380952,"[70, 428, 323, 618, 637, 742, 512, 790, 151, 430, 379, 201, 7, 282, 339, 624, 662, 50, 117, 101, 812, 368, 419, 459]",0.7523809523809524
2026-03-09 06:45:12.016132,10,"[218, 254, 350, 595, 687, 702, 705, 795, 815, 831]",0.780952380952381,"[254, 218, 350, 795, 815, 595, 705, 702, 831, 687]",0.7142857142857143
2026-03-09 06:45:14.693671,6,"[114, 155, 249, 408, 502, 587]",0.7428571428571429,"[587, 114, 249, 155, 502, 408]",0.780952380952381
2026-03-09 06:45:17.174343,4,"[231, 326, 600, 676]",0.780952380952381,"[326, 231, 600, 676]",0.780952380952381
2026-03-09 06:45:33.066410,16,"[5, 28, 63, 138, 150, 223, 266, 285, 347, 384, 440, 480, 520, 608, 610, 611]",0.7619047619047619,"[440, 384, 138, 223, 63, 611, 610, 5, 150, 28, 520, 480, 266, 285, 347, 608]",0.7619047619047619
2026-03-09 06:45:36.363741,12,"[23, 53, 68, 121, 168, 249, 355, 367, 436, 574, 589, 831]",0.7523809523809524,"[249, 589, 121, 168, 53, 367, 23, 574, 436, 831, 68, 355]",0.6952380952380952
2026-03-09 06:45:41.686648,32,"[39, 44, 48, 82, 100, 114, 119, 128, 182, 242, 291, 315, 317, 320, 337, 380, 462, 464, 468, 479, 486, 537, 539, 551, 602, 613, 667, 674, 684, 696, 725, 822]",0.7142857142857143,"[464, 82, 486, 48, 602, 291, 822, 114, 242, 613, 537, 315, 128, 44, 337, 667, 100, 479, 317, 462, 696, 674, 725, 539, 182, 380, 551, 119, 320, 39, 684, 468]",0.7333333333333333
2026-03-09 06:45:57.291238,20,"[43, 81, 130, 156, 159, 168, 214, 253, 281, 309, 320, 350, 368, 458, 513, 558, 630, 697, 753, 773]",0.7428571428571429,"[309, 43, 558, 697, 253, 130, 458, 281, 513, 159, 753, 81, 350, 773, 320, 368, 168, 214, 156, 630]",0.6666666666666666
2026-03-09 06:46:25.576957,8,"[118, 209, 230, 273, 338, 439, 603, 618]",0.7142857142857143,"[338, 439, 273, 618, 603, 209, 118, 230]",0.6761904761904762
2026-03-09 06:46:33.261525,24,"[7, 50, 70, 101, 117, 151, 201, 282, 323, 339, 368, 379, 419, 428, 430, 459, 512, 618, 624, 637, 662, 742, 790, 812]",0.6952380952380952,"[428, 101, 50, 637, 7, 379, 812, 70, 662, 368, 339, 459, 512, 742, 790, 151, 323, 201, 117, 282, 618, 430, 624, 419]",0.6952380952380952
2026-03-09 06:46:39.443400,10,"[218, 254, 350, 595, 687, 702, 705, 795, 815, 831]",0.780952380952381,"[254, 595, 350, 705, 815, 218, 702, 687, 795, 831]",0.6952380952380952
2026-03-09 06:46:39.824960,6,"[114, 155, 249, 408, 502, 587]",0.7428571428571429,"[114, 249, 408, 502, 587, 155]",0.7619047619047619
2026-03-09 06:46:45.177237,4,"[231, 326, 600, 676]",0.780952380952381,"[231, 676, 326, 600]",0.7523809523809524
2026-03-09 06:46:59.445714,16,"[5, 28, 63, 138, 150, 223, 266, 285, 347, 384, 440, 480, 520, 608, 610, 611]",0.7619047619047619,"[384, 5, 608, 28, 610, 285, 520, 440, 611, 150, 63, 266, 138, 223, 480, 347]",0.780952380952381
2026-03-09 06:47:02.709453,12,"[23, 53, 68, 121, 168, 249, 355, 367, 436, 574, 589, 831]",0.7523809523809524,"[367, 249, 574, 355, 436, 121, 831, 168, 68, 53, 23, 589]",0.6952380952380952
2026-03-09 06:47:15.584075,32,"[39, 44, 48, 82, 100, 114, 119, 128, 182, 242, 291, 315, 317, 320, 337, 380, 462, 464, 468, 479, 486, 537, 539, 551, 602, 613, 667, 674, 684, 696, 725, 822]",0.7142857142857143,"[317, 539, 684, 464, 667, 380, 486, 551, 315, 119, 725, 537, 128, 320, 613, 82, 674, 44, 39, 114, 696, 822, 182, 479, 48, 468, 100, 337, 602, 242, 291, 462]",0.7619047619047619
2026-03-09 06:47:23.619770,20,"[43, 81, 130, 156, 159, 168, 214, 253, 281, 309, 320, 350, 368, 458, 513, 558, 630, 697, 753, 773]",0.7428571428571429,"[309, 253, 320, 159, 753, 773, 281, 168, 350, 630, 513, 81, 368, 214, 43, 697, 558, 458, 156, 130]",0.6666666666666666
2026-03-09 06:47:53.060974,8,"[118, 209, 230, 273, 338, 439, 603, 618]",0.7142857142857143,"[439, 273, 230, 603, 618, 338, 209, 118]",0.6285714285714286
2026-03-09 06:48:05.784311,24,"[7, 50, 70, 101, 117, 151, 201, 282, 323, 339, 368, 379, 419, 428, 430, 459, 512, 618, 624, 637, 662, 742, 790, 812]",0.6952380952380952,"[117, 379, 101, 512, 7, 428, 282, 790, 624, 637, 368, 339, 419, 70, 50, 618, 201, 430, 323, 151, 742, 459, 662, 812]",0.7523809523809524
2026-03-09 06:48:06.161471,6,"[114, 155, 249, 408, 502, 587]",0.7428571428571429,"[114, 155, 249, 408, 587, 502]",0.7619047619047619
2026-03-09 06:48:09.476759,10,"[218, 254, 350, 595, 687, 702, 705, 795, 815, 831]",0.780952380952381,"[815, 687, 254, 705, 350, 702, 218, 595, 831, 795]",0.7142857142857143
2026-03-09 06:48:11.322684,4,"[231, 326, 600, 676]",0.780952380952381,"[676, 231, 326, 600]",0.780952380952381
2026-03-09 06:48:27.494551,16,"[5, 28, 63, 138, 150, 223, 266, 285, 347, 384, 440, 480, 520, 608, 610, 611]",0.7619047619047619,"[63, 440, 223, 611, 480, 384, 5, 608, 150, 610, 28, 347, 285, 138, 520, 266]",0.7714285714285715
2026-03-09 06:48:28.128605,12,"[23, 53, 68, 121, 168, 249, 355, 367, 436, 574, 589, 831]",0.7523809523809524,"[436, 355, 831, 249, 68, 168, 23, 367, 121, 574, 53, 589]",0.7142857142857143
2026-03-09 06:48:47.535844,32,"[39, 44, 48, 82, 100, 114, 119, 128, 182, 242, 291, 315, 317, 320, 337, 380, 462, 464, 468, 479, 486, 537, 539, 551, 602, 613, 667, 674, 684, 696, 725, 822]",0.7142857142857143,"[82, 128, 39, 48, 684, 537, 315, 602, 182, 613, 114, 486, 696, 462, 317, 725, 667, 44, 822, 320, 674, 539, 380, 119, 464, 242, 291, 468, 337, 100, 479, 551]",0.7238095238095238
2026-03-09 06:48:51.853894,20,"[43, 81, 130, 156, 159, 168, 214, 253, 281, 309, 320, 350, 368, 458, 513, 558, 630, 697, 753, 773]",0.7428571428571429,"[156, 81, 558, 159, 281, 214, 43, 630, 773, 168, 368, 350, 320, 753, 253, 458, 309, 697, 130, 513]",0.6952380952380952
2026-03-09 06:49:18.053627,8,"[118, 209, 230, 273, 338, 439, 603, 618]",0.7142857142857143,"[230, 618, 603, 338, 439, 273, 209, 118]",0.6571428571428571
2026-03-09 06:49:29.379805,6,"[114, 155, 249, 408, 502, 587]",0.7428571428571429,"[502, 155, 249, 408, 114, 587]",0.7142857142857143
2026-03-09 06:49:35.107869,24,"[7, 50, 70, 101, 117, 151, 201, 282, 323, 339, 368, 379, 419, 428, 430, 459, 512, 618, 624, 637, 662, 742, 790, 812]",0.6952380952380952,"[428, 379, 790, 368, 101, 282, 430, 637, 742, 50, 662, 323, 201, 151, 512, 459, 117, 339, 70, 419, 7, 812, 618, 624]",0.6857142857142857
2026-03-09 06:49:35.108163,4,"[231, 326, 600, 676]",0.780952380952381,"[231, 676, 600, 326]",0.8
2026-03-09 06:49:35.562468,10,"[218, 254, 350, 595, 687, 702, 705, 795, 815, 831]",0.780952380952381,"[705, 595, 795, 702, 254, 687, 831, 218, 350, 815]",0.7523809523809524
2026-03-09 06:49:50.746712,16,"[5, 28, 63, 138, 150, 223, 266, 285, 347, 384, 440, 480, 520, 608, 610, 611]",0.7619047619047619,"[520, 384, 63, 138, 285, 28, 480, 5, 610, 440, 223, 608, 611, 266, 347, 150]",0.7142857142857143
2026-03-09 06:49:54.163364,12,"[23, 53, 68, 121, 168, 249, 355, 367, 436, 574, 589, 831]",0.7523809523809524,"[23, 249, 168, 53, 831, 121, 367, 68, 574, 436, 355, 589]",0.7142857142857143
2026-03-09 06:50:18.701821,20,"[43, 81, 130, 156, 159, 168, 214, 253, 281, 309, 320, 350, 368, 458, 513, 558, 630, 697, 753, 773]",0.7428571428571429,"[558, 309, 81, 458, 214, 368, 156, 753, 773, 513, 253, 320, 168, 43, 281, 350, 159, 630, 697, 130]",0.6761904761904762
2026-03-09 06:50:20.696872,32,"[39, 44, 48, 82, 100, 114, 119, 128, 182, 242, 291, 315, 317, 320, 337, 380, 462, 464, 468, 479, 486, 537, 539, 551, 602, 613, 667, 674, 684, 696, 725, 822]",0.7142857142857143,"[822, 114, 44, 674, 48, 486, 464, 380, 182, 468, 242, 128, 479, 684, 320, 602, 100, 317, 537, 39, 551, 119, 291, 539, 667, 462, 315, 613, 696, 82, 337, 725]",0.7428571428571429
2026-03-09 06:50:46.329154,8,"[118, 209, 230, 273, 338, 439, 603, 618]",0.7142857142857143,"[439, 209, 618, 230, 338, 118, 603, 273]",0.6761904761904762
2026-03-09 06:50:53.082541,6,"[114, 155, 249, 408, 502, 587]",0.7428571428571429,"[155, 249, 408, 502, 587, 114]",0.6761904761904762
2026-03-09 06:50:58.434330,4,"[231, 326, 600, 676]",0.780952380952381,"[676, 600, 326, 231]",0.8095238095238095
2026-03-09 06:51:05.325393,24,"[7, 50, 70, 101, 117, 151, 201, 282, 323, 339, 368, 379, 419, 428, 430, 459, 512, 618, 624, 637, 662, 742, 790, 812]",0.6952380952380952,"[70, 637, 624, 151, 117, 339, 7, 459, 790, 512, 812, 428, 618, 430, 201, 419, 662, 101, 742, 282, 323, 50, 379, 368]",0.7333333333333333
2026-03-09 06:51:06.891023,10,"[218, 254, 350, 595, 687, 702, 705, 795, 815, 831]",0.780952380952381,"[687, 705, 831, 218, 815, 350, 702, 595, 254, 795]",0.6761904761904762
2026-03-09 06:51:20.445607,12,"[23, 53, 68, 121, 168, 249, 355, 367, 436, 574, 589, 831]",0.7523809523809524,"[68, 249, 367, 436, 831, 23, 589, 53, 168, 574, 121, 355]",0.7333333333333333
2026-03-09 06:51:20.948794,16,"[5, 28, 63, 138, 150, 223, 266, 285, 347, 384, 440, 480, 520, 608, 610, 611]",0.7619047619047619,"[520, 266, 285, 608, 138, 28, 611, 150, 480, 440, 63, 347, 610, 223, 5, 384]",0.7428571428571429
2026-03-09 06:51:51.067034,20,"[43, 81, 130, 156, 159, 168, 214, 253, 281, 309, 320, 350, 368, 458, 513, 558, 630, 697, 753, 773]",0.7428571428571429,"[43, 320, 130, 558, 458, 368, 168, 214, 281, 697, 253, 81, 513, 159, 753, 156, 309, 773, 630, 350]",0.6761904761904762
2026-03-09 06:51:54.992593,32,"[39, 44, 48, 82, 100, 114, 119, 128, 182, 242, 291, 315, 317, 320, 337, 380, 462, 464, 468, 479, 486, 537, 539, 551, 602, 613, 667, 674, 684, 696, 725, 822]",0.7142857142857143,"[291, 462, 114, 479, 119, 486, 48, 337, 539, 468, 667, 100, 315, 684, 725, 82, 822, 464, 39, 320, 182, 551, 537, 380, 696, 602, 317, 674, 242, 128, 613, 44]",0.7428571428571429
2026-03-09 06:52:13.613673,8,"[118, 209, 230, 273, 338, 439, 603, 618]",0.7142857142857143,"[618, 439, 338, 273, 209, 118, 230, 603]",0.7238095238095238
2026-03-09 06:52:20.405034,6,"[114, 155, 249, 408, 502, 587]",0.7428571428571429,"[408, 155, 114, 502, 249, 587]",0.8
2026-03-09 06:52:26.890297,4,"[231, 326, 600, 676]",0.780952380952381,"[326, 600, 231, 676]",0.7428571428571429
2026-03-09 06:52:30.195619,24,"[7, 50, 70, 101, 117, 151, 201, 282, 323, 339, 368, 379, 419, 428, 430, 459, 512, 618, 624, 637, 662, 742, 790, 812]",0.6952380952380952,"[151, 459, 637, 7, 662, 379, 618, 790, 70, 624, 101, 428, 430, 117, 368, 201, 323, 512, 419, 50, 339, 282, 742, 812]",0.7142857142857143
2026-03-09 06:52:35.677990,10,"[218, 254, 350, 595, 687, 702, 705, 795, 815, 831]",0.780952380952381,"[831, 218, 254, 702, 350, 795, 705, 687, 595, 815]",0.7333333333333333
2026-03-09 06:52:49.495376,16,"[5, 28, 63, 138, 150, 223, 266, 285, 347, 384, 440, 480, 520, 608, 610, 611]",0.7619047619047619,"[610, 384, 223, 28, 480, 608, 440, 347, 611, 520, 266, 63, 5, 138, 150, 285]",0.7333333333333333
2026-03-09 06:52:50.644922,12,"[23, 53, 68, 121, 168, 249, 355, 367, 436, 574, 589, 831]",0.7523809523809524,"[574, 53, 367, 168, 68, 589, 831, 23, 355, 436, 249, 121]",0.7142857142857143
2026-03-09 06:53:19.533224,20,"[43, 81, 130, 156, 159, 168, 214, 253, 281, 309, 320, 350, 368, 458, 513, 558, 630, 697, 753, 773]",0.7428571428571429,"[309, 697, 773, 168, 156, 753, 558, 513, 159, 214, 130, 281, 320, 630, 368, 458, 253, 43, 350, 81]",0.7428571428571429
2026-03-09 06:53:31.107273,32,"[39, 44, 48, 82, 100, 114, 119, 128, 182, 242, 291, 315, 317, 320, 337, 380, 462, 464, 468, 479, 486, 537, 539, 551, 602, 613, 667, 674, 684, 696, 725, 822]",0.7142857142857143,"[48, 100, 44, 182, 291, 479, 822, 696, 317, 602, 486, 684, 128, 613, 667, 468, 725, 320, 114, 242, 380, 82, 39, 539, 337, 551, 119, 464, 462, 674, 537, 315]",0.7619047619047619
2026-03-09 06:53:39.606292,8,"[118, 209, 230, 273, 338, 439, 603, 618]",0.7142857142857143,"[618, 338, 439, 118, 603, 273, 230, 209]",0.6761904761904762
2026-03-09 06:53:50.229275,6,"[114, 155, 249, 408, 502, 587]",0.7428571428571429,"[249, 587, 155, 114, 408, 502]",0.7142857142857143
2026-03-09 06:53:58.673678,4,"[231, 326, 600, 676]",0.780952380952381,"[600, 231, 676, 326]",0.7714285714285715
2026-03-09 06:54:01.146343,10,"[218, 254, 350, 595, 687, 702, 705, 795, 815, 831]",0.780952380952381,"[831, 705, 595, 254, 702, 687, 815, 218, 350, 795]",0.6857142857142857
2026-03-09 06:54:02.660435,24,"[7, 50, 70, 101, 117, 151, 201, 282, 323, 339, 368, 379, 419, 428, 430, 459, 512, 618, 624, 637, 662, 742, 790, 812]",0.6952380952380952,"[637, 512, 742, 428, 419, 624, 117, 101, 201, 379, 7, 812, 323, 662, 430, 282, 459, 151, 339, 618, 368, 790, 50, 70]",0.7333333333333333
2026-03-09 06:54:10.172923,12,"[23, 53, 68, 121, 168, 249, 355, 367, 436, 574, 589, 831]",0.7523809523809524,"[355, 23, 53, 589, 367, 68, 121, 436, 831, 168, 574, 249]",0.7619047619047619
2026-03-09 06:54:15.512569,16,"[5, 28, 63, 138, 150, 223, 266, 285, 347, 384, 440, 480, 520, 608, 610, 611]",0.7619047619047619,"[520, 608, 384, 223, 611, 150, 285, 266, 610, 138, 63, 347, 5, 440, 28, 480]",0.7523809523809524
2026-03-09 06:54:42.826483,20,"[43, 81, 130, 156, 159, 168, 214, 253, 281, 309, 320, 350, 368, 458, 513, 558, 630, 697, 753, 773]",0.7428571428571429,"[81, 753, 214, 368, 773, 159, 168, 350, 630, 513, 43, 309, 130, 253, 458, 558, 156, 320, 281, 697]",0.6952380952380952
2026-03-09 06:54:53.883876,32,"[39, 44, 48, 82, 100, 114, 119, 128, 182, 242, 291, 315, 317, 320, 337, 380, 462, 464, 468, 479, 486, 537, 539, 551, 602, 613, 667, 674, 684, 696, 725, 822]",0.7142857142857143,"[44, 100, 486, 119, 602, 82, 182, 464, 537, 613, 462, 315, 337, 551, 114, 128, 380, 48, 667, 479, 696, 39, 539, 242, 320, 822, 468, 725, 291, 684, 317, 674]",0.7238095238095238
2026-03-09 06:54:59.181930,8,"[118, 209, 230, 273, 338, 439, 603, 618]",0.7142857142857143,"[603, 439, 209, 338, 273, 230, 618, 118]",0.7523809523809524
2026-03-09 06:55:10.016984,6,"[114, 155, 249, 408, 502, 587]",0.7428571428571429,"[587, 249, 114, 502, 155, 408]",0.7714285714285715
2026-03-09 06:55:20.719993,10,"[218, 254, 350, 595, 687, 702, 705, 795, 815, 831]",0.780952380952381,"[705, 702, 350, 687, 815, 795, 254, 218, 831, 595]",0.7142857142857143
2026-03-09 06:55:24.222361,24,"[7, 50, 70, 101, 117, 151, 201, 282, 323, 339, 368, 379, 419, 428, 430, 459, 512, 618, 624, 637, 662, 742, 790, 812]",0.6952380952380952,"[50, 742, 151, 101, 368, 662, 201, 7, 624, 812, 323, 459, 70, 117, 512, 428, 419, 790, 379, 618, 637, 282, 430, 339]",0.7047619047619048
2026-03-09 06:55:24.381639,12,"[23, 53, 68, 121, 168, 249, 355, 367, 436, 574, 589, 831]",0.7523809523809524,"[53, 574, 436, 367, 831, 121, 23, 589, 249, 168, 68, 355]",0.7619047619047619
2026-03-09 06:55:34.589159,16,"[5, 28, 63, 138, 150, 223, 266, 285, 347, 384, 440, 480, 520, 608, 610, 611]",0.7619047619047619,"[28, 285, 5, 138, 608, 347, 384, 610, 440, 480, 611, 520, 223, 150, 266, 63]",0.6571428571428571
2026-03-09 06:56:00.973504,20,"[43, 81, 130, 156, 159, 168, 214, 253, 281, 309, 320, 350, 368, 458, 513, 558, 630, 697, 753, 773]",0.7428571428571429,"[458, 368, 43, 697, 214, 558, 309, 630, 281, 773, 513, 320, 168, 81, 753, 156, 159, 253, 130, 350]",0.7238095238095238
2026-03-09 06:56:12.289483,8,"[118, 209, 230, 273, 338, 439, 603, 618]",0.7142857142857143,"[439, 618, 118, 338, 209, 230, 603, 273]",0.638095238095238
2026-03-09 06:56:16.499272,32,"[39, 44, 48, 82, 100, 114, 119, 128, 182, 242, 291, 315, 317, 320, 337, 380, 462, 464, 468, 479, 486, 537, 539, 551, 602, 613, 667, 674, 684, 696, 725, 822]",0.7142857142857143,"[100, 462, 82, 464, 486, 479, 674, 667, 539, 44, 48, 551, 537, 39, 696, 337, 128, 317, 119, 315, 822, 320, 725, 684, 242, 182, 291, 613, 380, 114, 468, 602]",0.7333333333333333
2026-03-09 06:56:25.095194,6,"[114, 155, 249, 408, 502, 587]",0.7428571428571429,"[408, 502, 587, 114, 249, 155]",0.780952380952381
2026-03-09 06:56:34.729045,10,"[218, 254, 350, 595, 687, 702, 705, 795, 815, 831]",0.780952380952381,"[795, 831, 815, 687, 595, 218, 254, 702, 705, 350]",0.7238095238095238
2026-03-09 06:56:40.744278,12,"[23, 53, 68, 121, 168, 249, 355, 367, 436, 574, 589, 831]",0.7523809523809524,"[574, 168, 121, 831, 249, 355, 23, 68, 436, 53, 589, 367]",0.6952380952380952
2026-03-09 06:56:42.227226,24,"[7, 50, 70, 101, 117, 151, 201, 282, 323, 339, 368, 379, 419, 428, 430, 459, 512, 618, 624, 637, 662, 742, 790, 812]",0.6952380952380952,"[339, 459, 618, 323, 637, 368, 282, 50, 430, 7, 742, 117, 70, 512, 812, 379, 201, 624, 428, 790, 101, 419, 662, 151]",0.7333333333333333
2026-03-09 06:56:53.582765,16,"[5, 28, 63, 138, 150, 223, 266, 285, 347, 384, 440, 480, 520, 608, 610, 611]",0.7619047619047619,"[610, 138, 223, 608, 347, 28, 384, 440, 285, 266, 611, 480, 5, 150, 63, 520]",0.8095238095238095
2026-03-09 06:57:18.426848,20,"[43, 81, 130, 156, 159, 168, 214, 253, 281, 309, 320, 350, 368, 458, 513, 558, 630, 697, 753, 773]",0.7428571428571429,"[368, 773, 81, 558, 513, 253, 130, 43, 214, 320, 753, 697, 350, 458, 168, 159, 630, 156, 281, 309]",0.7047619047619048
2026-03-09 06:57:27.922154,8,"[118, 209, 230, 273, 338, 439, 603, 618]",0.7142857142857143,"[439, 230, 603, 209, 618, 338, 118, 273]",0.6666666666666666
2026-03-09 06:57:38.120157,6,"[114, 155, 249, 408, 502, 587]",0.7428571428571429,"[408, 155, 502, 587, 249, 114]",0.6857142857142857
2026-03-09 06:57:39.475717,32,"[39, 44, 48, 82, 100, 114, 119, 128, 182, 242, 291, 315, 317, 320, 337, 380, 462, 464, 468, 479, 486, 537, 539, 551, 602, 613, 667, 674, 684, 696, 725, 822]",0.7142857142857143,"[119, 82, 114, 242, 315, 380, 667, 337, 468, 182, 486, 479, 462, 320, 39, 551, 44, 48, 128, 291, 539, 100, 537, 684, 725, 613, 602, 696, 674, 464, 317, 822]",0.6952380952380952
2026-03-09 06:57:52.643288,10,"[218, 254, 350, 595, 687, 702, 705, 795, 815, 831]",0.780952380952381,"[350, 687, 218, 705, 831, 595, 702, 815, 795, 254]",0.7619047619047619
2026-03-09 06:57:57.466638,12,"[23, 53, 68, 121, 168, 249, 355, 367, 436, 574, 589, 831]",0.7523809523809524,"[53, 367, 589, 249, 831, 436, 168, 355, 68, 574, 121, 23]",0.6190476190476191
2026-03-09 06:58:03.277706,24,"[7, 50, 70, 101, 117, 151, 201, 282, 323, 339, 368, 379, 419, 428, 430, 459, 512, 618, 624, 637, 662, 742, 790, 812]",0.6952380952380952,"[637, 70, 101, 618, 624, 430, 459, 201, 323, 117, 50, 419, 742, 428, 7, 151, 368, 379, 790, 282, 662, 512, 812, 339]",0.6857142857142857
2026-03-09 06:58:10.521747,16,"[5, 28, 63, 138, 150, 223, 266, 285, 347, 384, 440, 480, 520, 608, 610, 611]",0.7619047619047619,"[63, 347, 150, 266, 520, 440, 611, 138, 28, 223, 608, 384, 285, 5, 480, 610]",0.7523809523809524
2026-03-09 06:58:39.377683,20,"[43, 81, 130, 156, 159, 168, 214, 253, 281, 309, 320, 350, 368, 458, 513, 558, 630, 697, 753, 773]",0.7428571428571429,"[168, 697, 773, 159, 130, 281, 458, 630, 350, 214, 43, 320, 81, 558, 513, 753, 309, 368, 253, 156]",0.7428571428571429
2026-03-09 06:58:44.675394,8,"[118, 209, 230, 273, 338, 439, 603, 618]",0.7142857142857143,"[209, 618, 603, 230, 118, 273, 439, 338]",0.7142857142857143
2026-03-09 06:58:56.020483,6,"[114, 155, 249, 408, 502, 587]",0.7428571428571429,"[155, 502, 249, 114, 587, 408]",0.6666666666666666
2026-03-09 06:58:59.800703,32,"[39, 44, 48, 82, 100, 114, 119, 128, 182, 242, 291, 315, 317, 320, 337, 380, 462, 464, 468, 479, 486, 537, 539, 551, 602, 613, 667, 674, 684, 696, 725, 822]",0.7142857142857143,"[613, 48, 684, 602, 114, 100, 119, 539, 337, 315, 182, 725, 551, 468, 674, 464, 380, 537, 82, 462, 242, 486, 317, 39, 44, 320, 291, 822, 128, 479, 667, 696]",0.7047619047619048
2026-03-09 06:59:10.763465,10,"[218, 254, 350, 595, 687, 702, 705, 795, 815, 831]",0.780952380952381,"[595, 831, 350, 218, 705, 795, 702, 815, 687, 254]",0.7238095238095238
2026-03-09 06:59:21.120352,12,"[23, 53, 68, 121, 168, 249, 355, 367, 436, 574, 589, 831]",0.7523809523809524,"[436, 68, 831, 23, 589, 249, 355, 574, 367, 53, 168, 121]",0.6285714285714286
2026-03-09 06:59:26.393114,16,"[5, 28, 63, 138, 150, 223, 266, 285, 347, 384, 440, 480, 520, 608, 610, 611]",0.7619047619047619,"[520, 266, 384, 610, 150, 611, 480, 285, 28, 608, 5, 138, 63, 223, 440, 347]",0.6952380952380952
2026-03-09 06:59:26.394494,24,"[7, 50, 70, 101, 117, 151, 201, 282, 323, 339, 368, 379, 419, 428, 430, 459, 512, 618, 624, 637, 662, 742, 790, 812]",0.6952380952380952,"[459, 368, 101, 282, 618, 428, 323, 117, 624, 7, 419, 201, 790, 50, 637, 70, 151, 742, 512, 662, 812, 339, 430, 379]",0.7142857142857143
2026-03-09 07:00:00.682395,8,"[118, 209, 230, 273, 338, 439, 603, 618]",0.7142857142857143,"[618, 118, 338, 603, 209, 273, 439, 230]",0.6952380952380952
2026-03-09 07:00:02.725434,20,"[43, 81, 130, 156, 159, 168, 214, 253, 281, 309, 320, 350, 368, 458, 513, 558, 630, 697, 753, 773]",0.7428571428571429,"[558, 513, 281, 753, 168, 130, 368, 159, 458, 630, 253, 697, 214, 320, 773, 309, 81, 156, 43, 350]",0.6666666666666666
2026-03-09 07:00:14.771541,6,"[114, 155, 249, 408, 502, 587]",0.7428571428571429,"[155, 587, 502, 114, 249, 408]",0.7619047619047619
2026-03-09 07:00:21.668670,32,"[39, 44, 48, 82, 100, 114, 119, 128, 182, 242, 291, 315, 317, 320, 337, 380, 462, 464, 468, 479, 486, 537, 539, 551, 602, 613, 667, 674, 684, 696, 725, 822]",0.7142857142857143,"[684, 317, 613, 725, 486, 320, 602, 242, 82, 551, 114, 822, 337, 291, 479, 468, 674, 100, 667, 462, 539, 182, 464, 44, 119, 315, 48, 696, 380, 128, 537, 39]",0.7714285714285715
2026-03-09 07:00:27.627632,10,"[218, 254, 350, 595, 687, 702, 705, 795, 815, 831]",0.780952380952381,"[815, 218, 595, 350, 795, 702, 254, 687, 831, 705]",0.7523809523809524
2026-03-09 07:00:41.630153,12,"[23, 53, 68, 121, 168, 249, 355, 367, 436, 574, 589, 831]",0.7523809523809524,"[436, 23, 68, 168, 121, 574, 249, 355, 831, 53, 589, 367]",0.6571428571428571
2026-03-09 07:00:42.746691,16,"[5, 28, 63, 138, 150, 223, 266, 285, 347, 384, 440, 480, 520, 608, 610, 611]",0.7619047619047619,"[223, 63, 520, 285, 138, 440, 266, 611, 150, 608, 610, 480, 347, 28, 5, 384]",0.7619047619047619
2026-03-09 07:00:49.820822,24,"[7, 50, 70, 101, 117, 151, 201, 282, 323, 339, 368, 379, 419, 428, 430, 459, 512, 618, 624, 637, 662, 742, 790, 812]",0.6952380952380952,"[201, 339, 812, 637, 379, 323, 618, 7, 430, 101, 419, 50, 428, 117, 742, 662, 368, 151, 790, 459, 512, 624, 282, 70]",0.7523809523809524
2026-03-09 07:01:15.101143,8,"[118, 209, 230, 273, 338, 439, 603, 618]",0.7142857142857143,"[230, 439, 603, 618, 209, 118, 273, 338]",0.638095238095238
2026-03-09 07:01:23.011329,20,"[43, 81, 130, 156, 159, 168, 214, 253, 281, 309, 320, 350, 368, 458, 513, 558, 630, 697, 753, 773]",0.7428571428571429,"[773, 368, 253, 214, 168, 81, 156, 350, 159, 558, 281, 753, 697, 43, 130, 513, 458, 309, 630, 320]",0.7142857142857143
2026-03-09 07:01:29.982461,6,"[114, 155, 249, 408, 502, 587]",0.7428571428571429,"[408, 249, 587, 502, 155, 114]",0.6761904761904762
2026-03-09 07:01:39.489340,10,"[218, 254, 350, 595, 687, 702, 705, 795, 815, 831]",0.780952380952381,"[218, 687, 705, 702, 815, 254, 595, 831, 350, 795]",0.7238095238095238
2026-03-09 07:01:43.336379,32,"[39, 44, 48, 82, 100, 114, 119, 128, 182, 242, 291, 315, 317, 320, 337, 380, 462, 464, 468, 479, 486, 537, 539, 551, 602, 613, 667, 674, 684, 696, 725, 822]",0.7142857142857143,"[315, 725, 39, 486, 667, 613, 674, 537, 128, 551, 684, 822, 380, 82, 468, 114, 696, 602, 44, 320, 337, 100, 182, 291, 48, 539, 479, 242, 119, 462, 317, 464]",0.7523809523809524
2026-03-09 07:02:01.203960,16,"[5, 28, 63, 138, 150, 223, 266, 285, 347, 384, 440, 480, 520, 608, 610, 611]",0.7619047619047619,"[5, 150, 520, 608, 63, 611, 138, 266, 440, 480, 610, 384, 223, 28, 285, 347]",0.7714285714285715
2026-03-09 07:02:01.346867,12,"[23, 53, 68, 121, 168, 249, 355, 367, 436, 574, 589, 831]",0.7523809523809524,"[831, 589, 436, 249, 23, 53, 355, 574, 367, 121, 68, 168]",0.7428571428571429
2026-03-09 07:02:11.706942,24,"[7, 50, 70, 101, 117, 151, 201, 282, 323, 339, 368, 379, 419, 428, 430, 459, 512, 618, 624, 637, 662, 742, 790, 812]",0.6952380952380952,"[428, 201, 637, 430, 50, 323, 7, 662, 419, 70, 151, 282, 459, 339, 379, 512, 101, 624, 618, 117, 368, 812, 742, 790]",0.6666666666666666
2026-03-09 07:02:29.509282,8,"[118, 209, 230, 273, 338, 439, 603, 618]",0.7142857142857143,"[618, 439, 338, 230, 273, 603, 209, 118]",0.6952380952380952
2026-03-09 07:02:41.146413,20,"[43, 81, 130, 156, 159, 168, 214, 253, 281, 309, 320, 350, 368, 458, 513, 558, 630, 697, 753, 773]",0.7428571428571429,"[309, 320, 773, 281, 558, 43, 350, 630, 130, 168, 159, 81, 156, 513, 697, 753, 368, 458, 253, 214]",0.6952380952380952
2026-03-09 07:02:42.762917,6,"[114, 155, 249, 408, 502, 587]",0.7428571428571429,"[408, 114, 502, 249, 587, 155]",0.8
2026-03-09 07:02:51.920580,10,"[218, 254, 350, 595, 687, 702, 705, 795, 815, 831]",0.780952380952381,"[795, 705, 254, 350, 702, 218, 595, 687, 831, 815]",0.7619047619047619
2026-03-09 07:02:57.563485,32,"[39, 44, 48, 82, 100, 114, 119, 128, 182, 242, 291, 315, 317, 320, 337, 380, 462, 464, 468, 479, 486, 537, 539, 551, 602, 613, 667, 674, 684, 696, 725, 822]",0.7142857142857143,"[317, 464, 822, 696, 39, 119, 462, 551, 320, 337, 468, 725, 48, 539, 291, 537, 684, 602, 486, 667, 242, 128, 114, 82, 315, 479, 44, 380, 182, 674, 613, 100]",0.7047619047619048
2026-03-09 07:03:05.757083,12,"[23, 53, 68, 121, 168, 249, 355, 367, 436, 574, 589, 831]",0.7523809523809524,"[168, 23, 249, 367, 121, 68, 831, 53, 355, 436, 589, 574]",0.6666666666666666
2026-03-09 07:03:08.647397,16,"[5, 28, 63, 138, 150, 223, 266, 285, 347, 384, 440, 480, 520, 608, 610, 611]",0.7619047619047619,"[223, 347, 5, 28, 610, 611, 266, 384, 608, 138, 150, 285, 480, 63, 440, 520]",0.8095238095238095
2026-03-09 07:03:14.430058,24,"[7, 50, 70, 101, 117, 151, 201, 282, 323, 339, 368, 379, 419, 428, 430, 459, 512, 618, 624, 637, 662, 742, 790, 812]",0.6952380952380952,"[151, 101, 624, 812, 323, 339, 7, 201, 459, 618, 637, 282, 419, 368, 430, 117, 742, 512, 428, 50, 662, 379, 70, 790]",0.7714285714285715
2026-03-09 07:03:28.602213,20,"[43, 81, 130, 156, 159, 168, 214, 253, 281, 309, 320, 350, 368, 458, 513, 558, 630, 697, 753, 773]",0.7428571428571429,"[159, 309, 214, 156, 558, 458, 320, 368, 773, 697, 281, 81, 513, 130, 630, 168, 43, 753, 253, 350]",0.638095238095238
2026-03-09 07:03:39.293745,32,"[39, 44, 48, 82, 100, 114, 119, 128, 182, 242, 291, 315, 317, 320, 337, 380, 462, 464, 468, 479, 486, 537, 539, 551, 602, 613, 667, 674, 684, 696, 725, 822]",0.7142857142857143,"[479, 44, 315, 82, 696, 602, 39, 684, 674, 725, 320, 48, 242, 486, 462, 537, 317, 468, 380, 613, 822, 667, 182, 551, 114, 128, 464, 119, 291, 100, 539, 337]",0.8
2026-03-09 07:03:49.250298,24,"[7, 50, 70, 101, 117, 151, 201, 282, 323, 339, 368, 379, 419, 428, 430, 459, 512, 618, 624, 637, 662, 742, 790, 812]",0.6952380952380952,"[624, 117, 7, 282, 368, 812, 512, 790, 201, 618, 459, 50, 101, 379, 70, 323, 742, 419, 428, 430, 662, 339, 151, 637]",0.7047619047619048
2026-03-09 07:04:07.438664,32,"[39, 44, 48, 82, 100, 114, 119, 128, 182, 242, 291, 315, 317, 320, 337, 380, 462, 464, 468, 479, 486, 537, 539, 551, 602, 613, 667, 674, 684, 696, 725, 822]",0.7142857142857143,"[291, 667, 539, 725, 114, 537, 315, 674, 100, 696, 317, 462, 320, 128, 39, 602, 48, 479, 182, 82, 464, 822, 551, 613, 486, 242, 337, 684, 380, 119, 44, 468]",0.7714285714285715
