Timestamp,Repo,FewShot_Count,Trial,Individual,Macro_F1,Token_Count
2026-03-07 04:43:22,microsoft_vscode,1,0,[2672],0.3272812957313292,368
2026-03-07 04:46:14,microsoft_vscode,1,1,[564],0.2743657109191276,140
2026-03-07 04:49:07,microsoft_vscode,1,2,[139],0.25787545441892173,169
2026-03-07 04:51:57,microsoft_vscode,1,3,[1539],0.2487992878872358,135
2026-03-07 04:54:47,microsoft_vscode,1,4,[748],0.3338064114534703,187
2026-03-07 04:57:35,microsoft_vscode,1,5,[2948],0.2552451488668345,132
2026-03-07 05:00:34,microsoft_vscode,1,6,[2810],0.28816693897253537,246
2026-03-07 05:03:25,microsoft_vscode,1,7,[3110],0.2866308958842147,284
2026-03-07 05:06:15,microsoft_vscode,1,8,[2483],0.28551809060002625,270
2026-03-07 05:09:07,microsoft_vscode,1,9,[180],0.3100607136779363,312
2026-03-07 05:11:57,microsoft_vscode,1,10,[300],0.28179539187470337,222
2026-03-07 05:14:50,microsoft_vscode,1,11,[775],0.2867623752186889,175
2026-03-07 05:17:39,microsoft_vscode,1,12,[146],0.23294625293483093,141
2026-03-07 05:20:28,microsoft_vscode,1,13,[1129],0.2365598133153366,121
2026-03-07 05:23:22,microsoft_vscode,1,14,[3109],0.25139229167328536,119
2026-03-07 05:26:19,microsoft_vscode,1,15,[1079],0.2727712113124065,254
2026-03-07 05:29:02,microsoft_vscode,1,16,[2819],0.2980777159348588,234
2026-03-07 05:31:48,microsoft_vscode,1,17,[28],0.3029727786989033,216
2026-03-07 05:34:40,microsoft_vscode,1,18,[2863],0.28424304146618967,692
2026-03-07 05:37:35,microsoft_vscode,1,19,[1723],0.2931592048298683,255
2026-03-07 04:43:24,microsoft_vscode,2,0,"[766, 1028]",0.28730001895139506,204
2026-03-07 04:46:10,microsoft_vscode,2,1,"[666, 1877]",0.22890697429871606,300
2026-03-07 04:49:04,microsoft_vscode,2,2,"[529, 530]",0.2584521082073102,333
2026-03-07 04:51:59,microsoft_vscode,2,3,"[311, 1524]",0.2522815881436571,623
2026-03-07 04:54:50,microsoft_vscode,2,4,"[1736, 1806]",0.2798044253773762,265
2026-03-07 04:57:45,microsoft_vscode,2,5,"[245, 1486]",0.2622432180163375,1054
2026-03-07 05:00:40,microsoft_vscode,2,6,"[1881, 2988]",0.24936101440830336,184
2026-03-07 05:03:32,microsoft_vscode,2,7,"[511, 2196]",0.23506970580098943,237
2026-03-07 05:06:22,microsoft_vscode,2,8,"[322, 1550]",0.27103876935042664,350
2026-03-07 05:09:14,microsoft_vscode,2,9,"[1200, 2261]",0.24945100308757662,587
2026-03-07 05:12:05,microsoft_vscode,2,10,"[2533, 2574]",0.2460810023310023,343
2026-03-07 05:14:57,microsoft_vscode,2,11,"[1481, 2364]",0.2452943709783655,396
2026-03-07 05:17:48,microsoft_vscode,2,12,"[787, 2885]",0.24526876483946178,229
2026-03-07 05:20:41,microsoft_vscode,2,13,"[187, 284]",0.2707537989580868,378
2026-03-07 05:23:35,microsoft_vscode,2,14,"[933, 2708]",0.24560667583923398,284
2026-03-07 05:26:30,microsoft_vscode,2,15,"[1185, 3166]",0.2513493283562399,421
2026-03-07 05:29:21,microsoft_vscode,2,16,"[326, 953]",0.26184132893722695,523
2026-03-07 05:32:09,microsoft_vscode,2,17,"[413, 1556]",0.23765054237963726,1699
2026-03-07 05:35:00,microsoft_vscode,2,18,"[1138, 1857]",0.2384191667416807,1138
2026-03-07 05:37:52,microsoft_vscode,2,19,"[1494, 2603]",0.2539676215244663,938
2026-03-07 04:43:24,microsoft_vscode,3,0,"[459, 1884, 1977]",0.28745439007209217,550
2026-03-07 04:46:16,microsoft_vscode,3,1,"[663, 1498, 3160]",0.23366620148073888,379
2026-03-07 04:49:06,microsoft_vscode,3,2,"[405, 2872, 3239]",0.3218514047255145,1065
2026-03-07 04:52:00,microsoft_vscode,3,3,"[968, 2574, 3026]",0.2621916535464452,1392
2026-03-07 04:54:56,microsoft_vscode,3,4,"[924, 1184, 2190]",0.29045173741429303,381
2026-03-07 04:57:52,microsoft_vscode,3,5,"[1510, 1845, 1910]",0.297432689806948,975
2026-03-07 05:00:47,microsoft_vscode,3,6,"[2672, 3174, 3264]",0.2560070721003783,689
2026-03-07 05:03:37,microsoft_vscode,3,7,"[704, 1813, 3250]",0.20171464135992825,712
2026-03-07 05:06:32,microsoft_vscode,3,8,"[308, 1294, 3341]",0.23893987849914622,672
2026-03-07 05:09:23,microsoft_vscode,3,9,"[180, 1762, 3252]",0.24950946174885602,768
2026-03-07 05:12:19,microsoft_vscode,3,10,"[371, 1330, 1535]",0.26249254199986666,1216
2026-03-07 05:15:13,microsoft_vscode,3,11,"[664, 1758, 2707]",0.2537540602827227,1217
2026-03-07 05:18:06,microsoft_vscode,3,12,"[664, 2824, 3101]",0.2628219526804432,513
2026-03-07 05:20:58,microsoft_vscode,3,13,"[1531, 2586, 3060]",0.317826032027757,1451
2026-03-07 05:23:52,microsoft_vscode,3,14,"[417, 799, 1302]",0.2702881914274882,702
2026-03-07 05:26:54,microsoft_vscode,3,15,"[821, 2685, 3063]",0.31150492376375216,495
2026-03-07 05:29:47,microsoft_vscode,3,16,"[988, 2409, 2794]",0.2618133721292169,708
2026-03-07 05:32:35,microsoft_vscode,3,17,"[2010, 2029, 2459]",0.28388497858337275,889
2026-03-07 05:35:22,microsoft_vscode,3,18,"[694, 704, 2890]",0.2673630684956468,969
2026-03-07 05:38:20,microsoft_vscode,3,19,"[265, 483, 2050]",0.2910247768601163,1738
2026-03-07 04:43:23,microsoft_vscode,4,0,"[367, 750, 904, 2378]",0.2672429231917373,798
2026-03-07 04:46:11,microsoft_vscode,4,1,"[357, 2136, 2160, 2493]",0.27146057218819003,383
2026-03-07 04:49:04,microsoft_vscode,4,2,"[1410, 2292, 2493, 3002]",0.2492095599476799,681
2026-03-07 04:51:55,microsoft_vscode,4,3,"[50, 655, 2304, 3050]",0.32229816268612704,1789
2026-03-07 04:54:48,microsoft_vscode,4,4,"[636, 1329, 1898, 2981]",0.2841356616606713,1194
2026-03-07 04:57:43,microsoft_vscode,4,5,"[896, 1103, 2153, 2560]",0.2681590245871202,755
2026-03-07 05:00:37,microsoft_vscode,4,6,"[5, 1013, 1291, 2830]",0.27083442522711393,2284
2026-03-07 05:03:35,microsoft_vscode,4,7,"[543, 1667, 2100, 2876]",0.24878002147049375,763
2026-03-07 05:06:32,microsoft_vscode,4,8,"[872, 977, 2087, 2574]",0.2766569200779727,1098
2026-03-07 05:09:23,microsoft_vscode,4,9,"[794, 3011, 3042, 3065]",0.2672999770115419,1778
2026-03-07 05:12:19,microsoft_vscode,4,10,"[5, 1810, 2763, 2867]",0.27104794433536733,1813
2026-03-07 05:15:11,microsoft_vscode,4,11,"[65, 564, 1715, 2017]",0.2765138097477459,633
2026-03-07 05:18:02,microsoft_vscode,4,12,"[322, 797, 1352, 3230]",0.24564484912650228,502
2026-03-07 05:20:57,microsoft_vscode,4,13,"[244, 388, 456, 2751]",0.23334990677130543,709
2026-03-07 05:23:53,microsoft_vscode,4,14,"[717, 737, 2550, 3020]",0.3485932888448611,421
2026-03-07 05:26:48,microsoft_vscode,4,15,"[933, 2314, 2764, 3131]",0.27197814141352866,643
2026-03-07 05:29:39,microsoft_vscode,4,16,"[988, 1202, 2383, 2534]",0.24003756114605168,995
2026-03-07 05:32:32,microsoft_vscode,4,17,"[1141, 1743, 2230, 3271]",0.2629542452288354,581
2026-03-07 05:35:20,microsoft_vscode,4,18,"[1535, 2083, 2470, 3177]",0.28682414700149333,997
2026-03-07 05:38:19,microsoft_vscode,4,19,"[692, 1390, 2128, 2228]",0.27141706924315623,684
2026-03-07 04:43:24,microsoft_vscode,6,0,"[119, 357, 748, 1299, 1721, 3158]",0.25655104128619105,1784
2026-03-07 04:46:11,microsoft_vscode,6,1,"[31, 326, 402, 1079, 1293, 2467]",0.2679950895728612,990
2026-03-07 04:49:05,microsoft_vscode,6,2,"[180, 189, 402, 1338, 1690, 2916]",0.22807257214073437,2444
2026-03-07 04:52:02,microsoft_vscode,6,3,"[758, 1028, 1214, 2357, 3064, 3154]",0.27768980959320716,885
2026-03-07 04:54:51,microsoft_vscode,6,4,"[1367, 2665, 2667, 2718, 2740, 2908]",0.29702027849529405,1457
2026-03-07 04:57:43,microsoft_vscode,6,5,"[539, 553, 948, 2058, 2421, 3182]",0.29296105628650654,2432
2026-03-07 05:00:39,microsoft_vscode,6,6,"[178, 625, 1087, 1393, 1722, 2044]",0.24076647247226213,3163
2026-03-07 05:03:32,microsoft_vscode,6,7,"[581, 802, 1043, 2213, 2377, 2584]",0.22934317532020213,1417
2026-03-07 05:06:25,microsoft_vscode,6,8,"[426, 1028, 1232, 2277, 2501, 3137]",0.31997775430755176,1148
2026-03-07 05:09:18,microsoft_vscode,6,9,"[83, 273, 327, 535, 3073, 3087]",0.2731800672238697,1650
2026-03-07 05:12:12,microsoft_vscode,6,10,"[828, 1153, 2279, 2724, 2750, 2981]",0.30775837006700063,830
2026-03-07 05:15:05,microsoft_vscode,6,11,"[14, 328, 664, 929, 2034, 2117]",0.26482247061025194,1038
2026-03-07 05:17:57,microsoft_vscode,6,12,"[1302, 1527, 1592, 2238, 2382, 3168]",0.25989119886394235,1121
2026-03-07 05:20:53,microsoft_vscode,6,13,"[756, 1077, 1230, 1656, 2362, 2780]",0.23205650508551937,3158
2026-03-07 05:23:55,microsoft_vscode,6,14,"[169, 318, 339, 1754, 2622, 2756]",0.29640900361545536,1600
2026-03-07 05:26:56,microsoft_vscode,6,15,"[127, 893, 2329, 2794, 2843, 3017]",0.25567359146487206,943
2026-03-07 05:29:49,microsoft_vscode,6,16,"[169, 382, 384, 441, 1057, 2449]",0.2968375990122418,1132
2026-03-07 05:32:40,microsoft_vscode,6,17,"[688, 1137, 1383, 2047, 2802, 3242]",0.2606087349316782,2504
2026-03-07 05:35:37,microsoft_vscode,6,18,"[206, 468, 2361, 2435, 2858, 3325]",0.2586564749627382,1947
2026-03-07 05:38:40,microsoft_vscode,6,19,"[1161, 1466, 1618, 1756, 2324, 2508]",0.29631295713167055,4056
2026-03-07 04:43:23,microsoft_vscode,8,0,"[411, 751, 797, 1302, 1675, 1765, 2020, 2576]",0.26554475393761107,784
2026-03-07 04:46:18,microsoft_vscode,8,1,"[47, 415, 570, 1208, 2250, 2982, 3054, 3212]",0.24915288452772336,2869
2026-03-07 04:49:12,microsoft_vscode,8,2,"[386, 669, 1302, 1373, 1591, 1945, 2056, 2100]",0.24536386545481692,1542
2026-03-07 04:52:08,microsoft_vscode,8,3,"[44, 453, 1673, 1689, 2157, 2628, 3001, 3162]",0.2648874485660836,1614
2026-03-07 04:54:58,microsoft_vscode,8,4,"[534, 613, 659, 679, 885, 1486, 2780, 3156]",0.28499049133207194,2909
2026-03-07 04:57:53,microsoft_vscode,8,5,"[996, 1157, 1196, 1400, 1484, 1914, 2855, 2885]",0.25989780463387174,807
2026-03-07 05:00:51,microsoft_vscode,8,6,"[21, 248, 278, 528, 1236, 1548, 2011, 2385]",0.2546464590271825,1608
2026-03-07 05:03:47,microsoft_vscode,8,7,"[658, 912, 1276, 1473, 2406, 2494, 3039, 3144]",0.24088855259212635,2045
2026-03-07 05:06:46,microsoft_vscode,8,8,"[34, 207, 426, 564, 851, 2055, 2311, 3111]",0.287116547535804,1196
2026-03-07 05:09:45,microsoft_vscode,8,9,"[238, 728, 732, 1724, 2026, 2416, 2459, 2658]",0.2888468588203507,1339
2026-03-07 05:12:37,microsoft_vscode,8,10,"[206, 589, 1194, 1401, 1805, 1968, 3136, 3194]",0.25808046489151637,1681
2026-03-07 05:15:33,microsoft_vscode,8,11,"[138, 756, 918, 1005, 1331, 1563, 2319, 2979]",0.2756513642869961,3184
2026-03-07 05:18:27,microsoft_vscode,8,12,"[525, 618, 901, 1391, 1497, 1692, 2076, 2140]",0.25162554555981115,1716
2026-03-07 05:21:22,microsoft_vscode,8,13,"[117, 1085, 1133, 1285, 1705, 1948, 2296, 2595]",0.24148580595320968,3375
2026-03-07 05:24:20,microsoft_vscode,8,14,"[154, 389, 748, 1098, 1558, 1836, 2236, 3120]",0.2868519005693151,5958
2026-03-07 05:27:19,microsoft_vscode,8,15,"[151, 1394, 1787, 1854, 2244, 2889, 3046, 3083]",0.2310200488802732,3637
2026-03-07 05:30:15,microsoft_vscode,8,16,"[218, 372, 621, 877, 1287, 1490, 2446, 3308]",0.23183110221470982,1035
2026-03-07 05:33:04,microsoft_vscode,8,17,"[661, 1078, 1368, 1611, 2154, 2161, 2901, 3282]",0.2951502136560267,2887
2026-03-07 05:36:00,microsoft_vscode,8,18,"[10, 229, 879, 1121, 2024, 2154, 2946, 3059]",0.24012688726487477,1451
2026-03-07 05:38:57,microsoft_vscode,8,19,"[377, 712, 1663, 1677, 1755, 1850, 2871, 3140]",0.24691715908356612,2946
2026-03-07 04:43:23,microsoft_vscode,10,0,"[727, 1088, 1169, 1650, 1672, 2065, 2258, 2369, 3146, 3161]",0.26965629699914684,2156
2026-03-07 04:46:18,microsoft_vscode,10,1,"[2, 867, 1679, 1698, 1910, 2276, 2792, 3123, 3199, 3240]",0.2748939154141313,2128
2026-03-07 04:49:15,microsoft_vscode,10,2,"[1021, 1045, 1211, 1794, 2137, 2494, 2497, 2617, 2756, 2898]",0.24767954799833292,4149
2026-03-07 04:52:11,microsoft_vscode,10,3,"[455, 535, 842, 1321, 1585, 1737, 1871, 1969, 2922, 3106]",0.22617608200313263,2346
2026-03-07 04:55:03,microsoft_vscode,10,4,"[159, 261, 412, 730, 748, 977, 1376, 2331, 2567, 2686]",0.2463304064611254,4402
2026-03-07 04:57:59,microsoft_vscode,10,5,"[33, 843, 959, 1372, 2148, 2241, 2661, 2739, 2793, 3292]",0.3061144549080628,2643
2026-03-07 05:00:56,microsoft_vscode,10,6,"[281, 545, 994, 1068, 1398, 2119, 2614, 2937, 2981, 3176]",0.22397170184780804,3409
2026-03-07 05:03:56,microsoft_vscode,10,7,"[778, 1387, 1456, 1550, 2199, 2537, 2647, 2682, 2955, 3304]",0.2614071268411073,2769
2026-03-07 05:06:53,microsoft_vscode,10,8,"[437, 1155, 1319, 1364, 1519, 1594, 1874, 1986, 2481, 3003]",0.2294802327914911,3366
2026-03-07 05:09:50,microsoft_vscode,10,9,"[356, 441, 694, 860, 869, 1189, 1213, 1305, 2143, 2610]",0.22946659813218714,3851
2026-03-07 05:12:47,microsoft_vscode,10,10,"[346, 1175, 1576, 1690, 2059, 2183, 2343, 2367, 2622, 2623]",0.24356080417248327,2492
2026-03-07 05:15:37,microsoft_vscode,10,11,"[36, 99, 1668, 1957, 2130, 2697, 2794, 3083, 3278, 3291]",0.237815550782565,2387
2026-03-07 05:18:31,microsoft_vscode,10,12,"[1241, 1247, 1526, 1976, 2093, 2457, 2593, 2761, 2981, 3114]",0.2402926586494073,4952
2026-03-07 05:21:32,microsoft_vscode,10,13,"[148, 167, 728, 933, 1717, 1963, 1986, 2267, 2633, 3034]",0.258177276584248,2261
2026-03-07 05:24:30,microsoft_vscode,10,14,"[149, 477, 777, 1034, 1530, 2410, 2602, 2693, 2839, 3135]",0.23567009302184247,2244
2026-03-07 05:27:28,microsoft_vscode,10,15,"[127, 1201, 1283, 1555, 1681, 1828, 1881, 1910, 2117, 2564]",0.2989463252841484,1237
2026-03-07 05:30:21,microsoft_vscode,10,16,"[108, 291, 443, 1240, 1267, 1949, 2101, 2650, 2981, 3065]",0.28121854650807154,2106
2026-03-07 05:33:14,microsoft_vscode,10,17,"[114, 172, 209, 370, 868, 1132, 1341, 1387, 2700, 3087]",0.25700293443095873,2097
2026-03-07 05:36:08,microsoft_vscode,10,18,"[395, 579, 950, 1231, 1440, 2052, 2309, 2617, 3154, 3216]",0.2483298809132477,4858
2026-03-07 05:39:08,microsoft_vscode,10,19,"[143, 579, 618, 806, 1741, 1744, 2574, 2894, 3278, 3298]",0.23660635213617845,2064
2026-03-07 04:43:22,microsoft_vscode,12,0,"[234, 399, 584, 692, 977, 1363, 1512, 1684, 1936, 2022, 2810, 3225]",0.25835307759530135,2087
2026-03-07 04:46:19,microsoft_vscode,12,1,"[70, 370, 604, 1661, 1884, 1905, 2190, 2367, 2439, 2771, 2859, 3134]",0.24412242663071274,2692
2026-03-07 04:49:15,microsoft_vscode,12,2,"[750, 998, 1426, 1513, 2153, 2253, 2456, 2617, 2662, 2736, 2957, 3057]",0.2247234247234247,3308
2026-03-07 04:52:11,microsoft_vscode,12,3,"[497, 1330, 1371, 1380, 1559, 1653, 2540, 2616, 2839, 2933, 3243, 3285]",0.2585675670182712,3805
2026-03-07 04:55:07,microsoft_vscode,12,4,"[167, 1034, 1203, 1452, 1717, 1817, 1910, 1974, 2583, 2759, 2793, 2795]",0.31568713593488873,3704
2026-03-07 04:58:05,microsoft_vscode,12,5,"[57, 490, 1028, 1084, 1351, 1354, 1365, 2279, 2862, 2930, 3168, 3316]",0.27209674232575,1919
2026-03-07 05:01:04,microsoft_vscode,12,6,"[96, 533, 1164, 1252, 1642, 2011, 2267, 2308, 2328, 2528, 2776, 3274]",0.23796690307328605,3267
2026-03-07 05:04:00,microsoft_vscode,12,7,"[805, 1561, 1919, 2054, 2393, 2670, 2774, 2850, 3013, 3137, 3139, 3157]",0.2525318864746152,2922
2026-03-07 05:06:57,microsoft_vscode,12,8,"[684, 691, 1093, 1249, 1301, 1342, 1405, 1410, 1710, 1762, 2233, 3321]",0.346922502469225,1514
2026-03-07 05:09:53,microsoft_vscode,12,9,"[572, 930, 954, 1104, 1223, 1545, 1580, 2200, 2742, 2962, 2975, 3271]",0.21345143632904326,3556
2026-03-07 05:12:50,microsoft_vscode,12,10,"[78, 256, 302, 724, 762, 905, 1103, 1511, 1536, 1811, 3034, 3156]",0.24299368183211492,2943
2026-03-07 05:15:44,microsoft_vscode,12,11,"[69, 588, 643, 1074, 1587, 2371, 2485, 2643, 2709, 2863, 3040, 3267]",0.24824633964761356,3378
2026-03-07 05:18:34,microsoft_vscode,12,12,"[278, 297, 364, 421, 577, 652, 1240, 1351, 2249, 2332, 2782, 3284]",0.23665782885797604,2983
2026-03-07 05:21:31,microsoft_vscode,12,13,"[435, 456, 677, 1274, 1391, 1547, 2130, 2344, 2690, 2965, 3180, 3189]",0.2723424103121966,3575
2026-03-07 05:24:28,microsoft_vscode,12,14,"[335, 567, 1181, 1198, 1470, 1486, 1705, 1768, 1819, 2132, 2818, 3237]",0.2608130783278683,3539
2026-03-07 05:27:27,microsoft_vscode,12,15,"[17, 244, 425, 768, 856, 890, 1156, 2295, 2539, 2645, 2780, 3147]",0.29535227666068786,5332
2026-03-07 05:30:22,microsoft_vscode,12,16,"[113, 403, 656, 1074, 1120, 1124, 1315, 1406, 1424, 1486, 2392, 2561]",0.27020099367660344,2102
2026-03-07 05:33:18,microsoft_vscode,12,17,"[332, 405, 733, 748, 814, 938, 1324, 1613, 1715, 2264, 3080, 3240]",0.29334275893908923,2771
2026-03-07 05:36:14,microsoft_vscode,12,18,"[390, 458, 1522, 1547, 1714, 2258, 2292, 2468, 2790, 2829, 3070, 3268]",0.2298874163669915,3219
2026-03-07 05:39:12,microsoft_vscode,12,19,"[115, 118, 143, 521, 1293, 1404, 1653, 2144, 2545, 2881, 3276, 3340]",0.2812553154499279,2238
2026-03-07 04:43:24,microsoft_vscode,16,0,"[209, 519, 870, 1033, 1333, 1555, 2457, 2497, 2648, 2651, 2740, 2782, 2802, 2942, 3042, 3332]",0.23075503246748053,4645
2026-03-07 04:46:17,microsoft_vscode,16,1,"[212, 505, 542, 909, 1375, 1563, 1609, 1646, 1695, 1848, 2248, 2317, 2564, 2804, 3133, 3160]",0.20595031809091968,6997
2026-03-07 04:49:17,microsoft_vscode,16,2,"[76, 137, 157, 660, 695, 897, 1001, 1329, 1345, 1608, 1739, 2470, 2649, 2744, 3020, 3141]",0.26801536660690795,3738
2026-03-07 04:52:16,microsoft_vscode,16,3,"[487, 575, 673, 878, 1094, 1371, 1529, 1563, 1630, 2274, 2304, 2339, 2663, 2731, 2821, 2886]",0.23465338516358925,6764
2026-03-07 04:55:15,microsoft_vscode,16,4,"[17, 391, 721, 783, 949, 1499, 1544, 1579, 1826, 1896, 1928, 2304, 2336, 2867, 2876, 2878]",0.23514076383795837,6287
2026-03-07 04:58:15,microsoft_vscode,16,5,"[849, 1128, 1859, 1924, 2109, 2370, 2519, 2567, 2742, 2756, 2801, 2908, 3062, 3097, 3120, 3147]",0.24019258701254498,3731
2026-03-07 05:01:10,microsoft_vscode,16,6,"[213, 246, 581, 866, 1155, 1212, 1315, 1775, 1928, 2134, 2166, 2312, 2667, 2719, 2803, 3293]",0.22119362272149037,3340
2026-03-07 05:04:05,microsoft_vscode,16,7,"[85, 395, 424, 526, 569, 823, 881, 1488, 1691, 2073, 2162, 2303, 2575, 2644, 2832, 2984]",0.2216427640156454,6043
2026-03-07 05:07:04,microsoft_vscode,16,8,"[207, 384, 441, 1310, 1320, 1606, 1767, 1839, 2027, 2125, 2627, 2760, 3032, 3075, 3085, 3280]",0.2562392219021868,3482
2026-03-07 05:10:02,microsoft_vscode,16,9,"[157, 259, 312, 479, 518, 572, 762, 941, 1638, 1673, 1813, 1994, 2152, 2504, 2966, 3024]",0.2502987156717658,3966
2026-03-07 05:13:00,microsoft_vscode,16,10,"[446, 729, 818, 963, 990, 1025, 1184, 1352, 1492, 1663, 2076, 2140, 2544, 2816, 3225, 3322]",0.26952208042485576,4423
2026-03-07 05:15:56,microsoft_vscode,16,11,"[53, 418, 775, 896, 1254, 1255, 1607, 1670, 1845, 1929, 2253, 2494, 2618, 3040, 3116, 3345]",0.24317408185119382,2316
2026-03-07 05:18:51,microsoft_vscode,16,12,"[609, 1130, 1235, 1334, 1511, 1619, 1650, 1996, 2135, 2159, 2243, 2672, 2735, 3257, 3271, 3272]",0.3219893102218469,3133
2026-03-07 05:21:52,microsoft_vscode,16,13,"[45, 121, 275, 1078, 1103, 1239, 1299, 1364, 1407, 1597, 1962, 2020, 2809, 2872, 3106, 3225]",0.27832846931131616,6886
2026-03-07 05:24:52,microsoft_vscode,16,14,"[188, 225, 514, 553, 687, 753, 1645, 1727, 2028, 2486, 2810, 2996, 3006, 3120, 3220, 3302]",0.25853853033874863,6115
2026-03-07 05:27:52,microsoft_vscode,16,15,"[669, 870, 928, 995, 1228, 1444, 1523, 1645, 1887, 2035, 2084, 2726, 2837, 2966, 3013, 3065]",0.19174099507985373,4338
2026-03-07 05:30:47,microsoft_vscode,16,16,"[78, 372, 399, 514, 706, 709, 1095, 1486, 2035, 2214, 2227, 2292, 2564, 3048, 3169, 3175]",0.27190965410743995,2901
2026-03-07 05:33:42,microsoft_vscode,16,17,"[139, 351, 619, 1251, 1288, 1316, 1442, 1835, 1925, 2069, 2613, 2657, 2794, 2802, 3178, 3201]",0.26124345898937534,2973
2026-03-07 05:36:41,microsoft_vscode,16,18,"[214, 255, 555, 591, 665, 708, 777, 1147, 1320, 1701, 2065, 2178, 2785, 2872, 3052, 3084]",0.326486388986389,3415
2026-03-07 05:39:39,microsoft_vscode,16,19,"[185, 566, 881, 1226, 1442, 1564, 1826, 2062, 2093, 2290, 2336, 2610, 2768, 3160, 3292, 3344]",0.23301061395900305,2823
2026-03-07 04:43:23,microsoft_vscode,20,0,"[120, 285, 337, 520, 522, 699, 779, 1077, 1203, 1370, 1543, 1768, 1818, 1840, 1864, 1995, 2234, 2564, 2629, 3251]",0.24175667332418393,4481
2026-03-07 04:46:24,microsoft_vscode,20,1,"[18, 370, 395, 629, 745, 826, 843, 985, 1010, 1018, 1221, 1313, 1407, 1550, 1839, 2668, 2699, 3071, 3096, 3337]",0.2045936723965556,4759
2026-03-07 04:49:21,microsoft_vscode,20,2,"[79, 88, 105, 292, 353, 650, 660, 725, 984, 1154, 1489, 1805, 1809, 2010, 2373, 2529, 2692, 2780, 2818, 2984]",0.18267888599014429,5172
2026-03-07 04:52:18,microsoft_vscode,20,3,"[172, 245, 339, 416, 558, 618, 1080, 1684, 2127, 2228, 2255, 2398, 2440, 2483, 2502, 2581, 2711, 2772, 2950, 2955]",0.24497624556157946,3978
2026-03-07 04:55:16,microsoft_vscode,20,4,"[244, 360, 567, 643, 654, 732, 1212, 1217, 1364, 1644, 1817, 2133, 2418, 2560, 2855, 2899, 3012, 3125, 3143, 3332]",0.22738790980364573,3874
2026-03-07 04:58:17,microsoft_vscode,20,5,"[375, 488, 519, 533, 544, 869, 1106, 1434, 1663, 1722, 1748, 1819, 2029, 2079, 2091, 2233, 2343, 2400, 2426, 2679]",0.23080875217107147,4885
2026-03-07 05:01:22,microsoft_vscode,20,6,"[288, 311, 331, 593, 658, 699, 1607, 1747, 1848, 1892, 1957, 1968, 2312, 2382, 2676, 2800, 2875, 2962, 3205, 3294]",0.31783621540286294,4442
2026-03-07 05:04:20,microsoft_vscode,20,7,"[145, 157, 451, 554, 656, 664, 1026, 1092, 1277, 1500, 1558, 1780, 2043, 2340, 2413, 3103, 3171, 3173, 3198, 3267]",0.23634185866272106,7428
2026-03-07 05:07:22,microsoft_vscode,20,8,"[28, 170, 391, 522, 813, 818, 914, 996, 1218, 1588, 1722, 1787, 1903, 2102, 2249, 2366, 2560, 2872, 3011, 3226]",0.2825843380830593,5175
2026-03-07 05:10:20,microsoft_vscode,20,9,"[279, 293, 453, 455, 467, 886, 893, 1219, 1442, 1521, 1528, 1602, 1658, 2330, 2387, 2495, 2500, 2708, 2750, 2862]",0.27047904454543464,3486
2026-03-07 05:13:17,microsoft_vscode,20,10,"[43, 256, 303, 562, 575, 787, 1162, 1200, 1247, 1413, 1436, 1683, 1725, 1738, 2127, 2137, 2216, 2754, 2990, 2996]",0.2980656774211922,4070
2026-03-07 05:16:15,microsoft_vscode,20,11,"[31, 103, 240, 409, 602, 741, 870, 1074, 1228, 1299, 1971, 2129, 2137, 2226, 2412, 2458, 2592, 2829, 3027, 3186]",0.19253312945973497,7410
2026-03-07 05:19:13,microsoft_vscode,20,12,"[116, 235, 505, 605, 657, 971, 1185, 1369, 1616, 1816, 2010, 2051, 2132, 2270, 2353, 2462, 2594, 2733, 2739, 3053]",0.24072133090584721,5913
2026-03-07 05:22:15,microsoft_vscode,20,13,"[430, 436, 652, 843, 951, 1102, 1252, 1595, 1671, 1862, 1891, 1947, 1955, 2020, 2034, 2467, 2516, 2892, 2895, 3012]",0.24858113571443216,6482
2026-03-07 05:25:18,microsoft_vscode,20,14,"[333, 426, 729, 779, 856, 861, 872, 975, 1005, 1258, 1764, 1802, 2481, 2531, 2612, 2791, 2879, 3215, 3218, 3302]",0.31642171189635854,4708
2026-03-07 05:28:18,microsoft_vscode,20,15,"[189, 216, 313, 317, 421, 432, 514, 1364, 1546, 1603, 1737, 1902, 1959, 2052, 2173, 2551, 2602, 2833, 2875, 3015]",0.23020160622619637,4560
2026-03-07 05:31:18,microsoft_vscode,20,16,"[234, 344, 481, 592, 860, 1070, 1791, 1916, 1943, 2277, 2448, 2493, 2536, 2539, 2591, 2668, 2689, 2765, 2835, 3255]",0.3036063926746146,4101
2026-03-07 05:34:14,microsoft_vscode,20,17,"[206, 292, 366, 852, 899, 1210, 1579, 1848, 1869, 1885, 2023, 2080, 2100, 2157, 2158, 2172, 2298, 2695, 2968, 2973]",0.2487223634090411,6383
2026-03-07 05:37:19,microsoft_vscode,20,18,"[311, 466, 484, 740, 811, 858, 1240, 1413, 1732, 1734, 1863, 1948, 1951, 2104, 2198, 2308, 3103, 3187, 3202, 3319]",0.2716957510153229,6276
2026-03-07 05:40:19,microsoft_vscode,20,19,"[101, 535, 644, 1026, 1089, 1214, 1682, 1727, 1907, 2010, 2015, 2385, 2674, 2752, 2883, 2986, 3113, 3160, 3250, 3321]",0.2528886888850378,3235
2026-03-07 04:43:25,microsoft_vscode,24,0,"[216, 246, 413, 419, 527, 748, 751, 756, 880, 917, 936, 1029, 1335, 1465, 1591, 1878, 2025, 2105, 2312, 2448, 2466, 2507, 2596, 2986]",0.34586773477836946,7442
2026-03-07 04:46:28,microsoft_vscode,24,1,"[291, 792, 915, 1102, 1133, 1134, 1155, 1403, 1574, 1588, 2045, 2138, 2213, 2294, 2358, 2485, 2553, 2602, 2721, 2843, 2966, 2981, 2992, 3245]",0.26828864614366105,7044
2026-03-07 04:49:29,microsoft_vscode,24,2,"[147, 296, 454, 522, 532, 637, 789, 841, 1256, 1325, 1415, 1492, 1526, 1947, 2087, 2222, 2304, 2336, 2465, 2480, 2533, 2543, 2838, 2913]",0.3421209938484721,7115
2026-03-07 04:52:31,microsoft_vscode,24,3,"[30, 104, 164, 218, 244, 447, 520, 788, 795, 833, 854, 1092, 1220, 1439, 1525, 1603, 1633, 1872, 1894, 2530, 2642, 2664, 3085, 3126]",0.34797520116079667,5080
2026-03-07 04:55:32,microsoft_vscode,24,4,"[93, 268, 349, 562, 633, 698, 820, 1154, 1340, 1356, 1424, 1496, 1628, 2111, 2366, 2414, 2534, 2574, 2576, 2827, 2921, 2923, 3045, 3273]",0.25235506449074757,4965
2026-03-07 04:58:33,microsoft_vscode,24,5,"[5, 114, 246, 380, 490, 937, 1164, 1427, 1796, 2005, 2083, 2086, 2170, 2188, 2591, 2648, 2718, 2875, 2876, 2971, 2984, 3102, 3140, 3159]",0.26018102742240673,7116
2026-03-07 05:01:37,microsoft_vscode,24,6,"[65, 213, 249, 351, 368, 593, 764, 773, 990, 1037, 1164, 1738, 1804, 1859, 1886, 1962, 2578, 2616, 2709, 2966, 3006, 3103, 3114, 3313]",0.2679805856328461,6126
2026-03-07 05:04:45,microsoft_vscode,24,7,"[446, 452, 471, 588, 937, 1027, 1310, 1497, 1525, 1640, 1649, 1710, 1789, 1835, 1840, 2389, 2396, 2405, 2412, 2419, 2492, 2515, 3111, 3275]",0.30357063727780237,4692
2026-03-07 05:07:51,microsoft_vscode,24,8,"[172, 200, 221, 318, 376, 425, 460, 723, 816, 904, 1326, 1537, 1787, 1796, 2019, 2038, 2195, 2207, 2276, 2451, 2470, 2840, 2912, 2950]",0.41127343705070113,6722
2026-03-07 05:10:57,microsoft_vscode,24,9,"[144, 181, 432, 649, 754, 788, 1059, 1401, 1426, 1525, 1558, 1757, 2041, 2066, 2071, 2219, 2234, 2505, 2707, 2824, 2885, 3004, 3204, 3266]",0.27828684725236447,8496
2026-03-07 05:14:04,microsoft_vscode,24,10,"[362, 421, 503, 595, 701, 777, 978, 1136, 1215, 1283, 1288, 1527, 1593, 1782, 1937, 2128, 2199, 2512, 2551, 2687, 2777, 3081, 3132, 3334]",0.30029833726206534,8051
2026-03-07 05:17:13,microsoft_vscode,24,11,"[145, 366, 496, 695, 744, 771, 795, 867, 1074, 1128, 1141, 1267, 1331, 1812, 2006, 2054, 2449, 2633, 2791, 3040, 3144, 3159, 3259, 3315]",0.30677583475817904,6570
2026-03-07 05:20:25,microsoft_vscode,24,12,"[305, 396, 421, 710, 715, 737, 740, 1036, 1169, 1531, 1769, 1922, 2068, 2072, 2333, 2433, 2522, 2537, 2623, 2737, 2843, 2935, 3143, 3346]",0.23153704021182162,3995
2026-03-07 05:23:27,microsoft_vscode,24,13,"[446, 451, 535, 714, 794, 808, 880, 953, 969, 1094, 1117, 1407, 1537, 1547, 1586, 1653, 1693, 1746, 2128, 2842, 2942, 3032, 3141, 3308]",0.23993540202567756,5317
2026-03-07 05:26:33,microsoft_vscode,24,14,"[167, 168, 210, 256, 443, 1197, 1378, 1487, 1617, 1662, 1686, 1718, 2276, 2348, 2559, 2627, 2693, 2734, 2764, 2817, 2885, 3111, 3258, 3283]",0.24123586958076826,4005
2026-03-07 05:29:34,microsoft_vscode,24,15,"[191, 331, 606, 700, 749, 771, 820, 1159, 1356, 1500, 1748, 1779, 1898, 1926, 2062, 2084, 2162, 2237, 2280, 2345, 2625, 2840, 2920, 3205]",0.30648905221252487,5197
2026-03-07 05:32:39,microsoft_vscode,24,16,"[45, 255, 260, 285, 287, 615, 767, 1053, 1164, 1486, 1530, 1572, 1594, 1796, 2035, 2100, 2247, 2248, 2261, 2421, 2651, 2781, 2799, 3049]",0.251936682226845,4296
2026-03-07 05:35:40,microsoft_vscode,24,17,"[396, 552, 681, 739, 823, 959, 1130, 1424, 1564, 1818, 1889, 1951, 2033, 2082, 2209, 2254, 2311, 2347, 2538, 2666, 2849, 2888, 3132, 3179]",0.2472869133550507,6623
2026-03-07 05:38:44,microsoft_vscode,24,18,"[118, 201, 231, 687, 800, 851, 918, 1670, 1674, 1695, 1776, 1835, 1876, 2073, 2204, 2310, 2492, 2575, 2770, 2871, 2890, 2922, 3023, 3211]",0.18777589134125638,6763
2026-03-07 05:41:38,microsoft_vscode,24,19,"[86, 147, 175, 288, 561, 844, 966, 1285, 1359, 1490, 1691, 1719, 1841, 1969, 2086, 2129, 2680, 2720, 2974, 3184, 3203, 3288, 3297, 3325]",0.24053640121092057,6670
2026-03-07 04:43:24,microsoft_vscode,32,0,"[92, 346, 367, 742, 791, 949, 980, 1159, 1179, 1485, 1611, 1755, 1817, 1912, 1972, 2077, 2090, 2105, 2167, 2306, 2423, 2589, 2657, 2706, 2742, 2837, 2872, 2941, 2980, 3029, 3115, 3198]",0.32996924703566277,7351
2026-03-07 04:46:26,microsoft_vscode,32,1,"[239, 446, 612, 698, 821, 834, 1018, 1028, 1094, 1213, 1424, 1441, 1470, 1472, 1532, 1607, 1623, 1769, 1924, 1932, 1942, 2124, 2214, 2497, 2678, 2712, 2715, 2766, 3092, 3196, 3263, 3342]",0.2264503804491855,5829
2026-03-07 04:49:32,microsoft_vscode,32,2,"[30, 285, 293, 558, 571, 572, 623, 687, 788, 895, 1132, 1274, 1312, 1342, 1345, 1358, 1362, 1604, 1850, 2200, 2282, 2323, 2663, 2687, 2689, 2701, 2953, 3017, 3137, 3285, 3291, 3339]",0.3793961790491119,7255
2026-03-07 04:52:42,microsoft_vscode,32,3,"[39, 78, 498, 546, 574, 612, 803, 804, 932, 991, 996, 1050, 1098, 1266, 1323, 1391, 1466, 1645, 1690, 1807, 1835, 1879, 2147, 2249, 2250, 2272, 2406, 2701, 2921, 3080, 3189, 3233]",0.24020611786674947,7177
2026-03-07 04:55:45,microsoft_vscode,32,4,"[88, 180, 190, 249, 274, 314, 376, 451, 574, 578, 801, 946, 1172, 1226, 1318, 1350, 1365, 1368, 1376, 1615, 1778, 1838, 2093, 2257, 2475, 2518, 2847, 2950, 3066, 3129, 3279, 3288]",0.27989966544324246,8310
2026-03-07 04:58:50,microsoft_vscode,32,5,"[265, 339, 719, 853, 990, 1046, 1080, 1153, 1511, 1540, 1646, 1675, 1677, 1777, 1921, 2103, 2134, 2293, 2325, 2346, 2401, 2503, 2545, 2671, 2802, 2805, 2975, 3055, 3083, 3129, 3168, 3173]",0.24854050984019035,7992
2026-03-07 05:01:56,microsoft_vscode,32,6,"[225, 289, 322, 412, 446, 528, 720, 748, 769, 797, 1069, 1082, 1128, 1151, 1225, 1363, 1434, 1504, 1850, 2066, 2077, 2086, 2107, 2177, 2278, 2536, 2677, 2687, 3009, 3043, 3187, 3345]",0.2618506405313224,7961
2026-03-07 05:05:04,microsoft_vscode,32,7,"[79, 563, 595, 663, 948, 1023, 1151, 1162, 1177, 1276, 1345, 1471, 1546, 1580, 1725, 1750, 1784, 1792, 1983, 1997, 1999, 2063, 2131, 2223, 2333, 2623, 2624, 2644, 2814, 2911, 3032, 3148]",0.22947161770691182,6940
2026-03-07 05:08:06,microsoft_vscode,32,8,"[81, 122, 729, 801, 868, 952, 960, 1080, 1116, 1287, 1299, 1381, 1447, 1569, 1647, 1849, 1881, 1961, 2124, 2324, 2353, 2598, 2666, 2756, 2762, 2763, 2773, 2794, 2825, 3116, 3138, 3242]",0.27048332860409063,7896
2026-03-07 05:11:12,microsoft_vscode,32,9,"[28, 39, 52, 66, 88, 94, 187, 260, 328, 336, 382, 398, 577, 788, 861, 1237, 1305, 1538, 2082, 2230, 2315, 2320, 2516, 2569, 2674, 2735, 2760, 2856, 3004, 3022, 3144, 3152]",0.20730151944788802,7430
2026-03-07 05:14:18,microsoft_vscode,32,10,"[163, 297, 400, 417, 429, 444, 557, 801, 803, 1164, 1289, 1308, 1475, 1529, 1825, 1856, 1901, 1930, 1979, 2027, 2148, 2180, 2223, 2464, 2539, 2693, 2707, 2773, 2831, 2981, 3073, 3252]",0.35002169607301087,5783
2026-03-07 05:17:28,microsoft_vscode,32,11,"[39, 400, 613, 776, 781, 1007, 1008, 1110, 1128, 1140, 1199, 1236, 1601, 1677, 1702, 1756, 1779, 1786, 1811, 1847, 1858, 1870, 2125, 2218, 2235, 2345, 2404, 2419, 2484, 2580, 2712, 2994]",0.39272202349456425,5185
2026-03-07 05:20:34,microsoft_vscode,32,12,"[136, 491, 556, 598, 665, 812, 860, 1080, 1175, 1649, 1744, 1894, 1915, 1923, 1940, 1988, 2199, 2278, 2308, 2343, 2435, 2470, 2554, 2567, 2692, 2732, 2734, 2739, 2829, 2840, 2954, 3204]",0.37172403416059857,6832
2026-03-07 05:23:40,microsoft_vscode,32,13,"[55, 297, 372, 709, 783, 790, 797, 802, 921, 943, 980, 1056, 1063, 1109, 1160, 1614, 1758, 1893, 1960, 1996, 2090, 2147, 2382, 2461, 2543, 2743, 2754, 2769, 3052, 3164, 3272, 3287]",0.36972313240061716,7849
2026-03-07 05:26:55,microsoft_vscode,32,14,"[171, 183, 471, 648, 652, 945, 951, 1247, 1270, 1525, 1538, 1613, 1631, 2065, 2084, 2311, 2381, 2403, 2444, 2505, 2577, 2763, 2803, 2897, 3054, 3093, 3131, 3203, 3222, 3223, 3250, 3260]",0.2726934349396854,4832
2026-03-07 05:30:01,microsoft_vscode,32,15,"[182, 210, 330, 500, 586, 672, 798, 938, 989, 1065, 1174, 1175, 1193, 1332, 1388, 1478, 1664, 1837, 1941, 1953, 2119, 2167, 2264, 2408, 2476, 2536, 2622, 2636, 3023, 3088, 3244, 3347]",0.29821664496844286,7909
2026-03-07 05:33:07,microsoft_vscode,32,16,"[329, 427, 533, 546, 725, 760, 777, 814, 834, 837, 1028, 1329, 1388, 1401, 1437, 1453, 1505, 1550, 1654, 1794, 2095, 2200, 2203, 2316, 2330, 2493, 2551, 2730, 2768, 2918, 3288, 3334]",0.23184048592397052,7555
2026-03-07 05:36:09,microsoft_vscode,32,17,"[17, 272, 352, 533, 747, 1202, 1231, 1377, 1504, 1556, 1584, 1681, 1798, 1841, 1882, 1917, 1993, 2127, 2232, 2238, 2364, 2415, 2582, 2746, 2774, 2798, 2966, 3036, 3119, 3225, 3290, 3294]",0.336550722518959,7359
2026-03-07 05:39:18,microsoft_vscode,32,18,"[1, 8, 81, 122, 290, 327, 470, 519, 535, 544, 637, 757, 771, 900, 934, 1146, 1209, 1318, 1404, 1534, 1685, 1706, 2004, 2071, 2167, 2222, 2243, 2253, 2407, 2414, 2638, 2697]",0.33929657690801635,5862
2026-03-07 05:41:55,microsoft_vscode,32,19,"[32, 34, 48, 235, 384, 402, 404, 510, 586, 590, 690, 758, 763, 785, 817, 1095, 1293, 1670, 1753, 1917, 2043, 2141, 2145, 2197, 2378, 2483, 2492, 2703, 3011, 3208, 3213, 3291]",0.32518967276833216,6767
