Timestamp,FewShot_Count,Original_Individual,Original_Macro_F1,Shuffled_Individual,Shuffled_Macro_F1
2026-03-09 04:18:19,2,"[149, 704]",0.7503176100628931,"[704, 149]",0.7490918803418803
2026-03-09 04:18:19,3,"[58, 542, 561]",0.7151741293532338,"[58, 561, 542]",0.7503796131247111
2026-03-09 04:20:13,3,"[58, 542, 561]",0.7151741293532338,"[561, 542, 58]",0.7431378284822778
2026-03-09 04:22:01,3,"[58, 542, 561]",0.7151741293532338,"[561, 58, 542]",0.7414309235144438
2026-03-09 04:23:48,3,"[58, 542, 561]",0.7151741293532338,"[542, 561, 58]",0.7431378284822778
2026-03-09 04:25:41,3,"[58, 542, 561]",0.7151741293532338,"[542, 58, 561]",0.7802197802197801
2026-03-09 04:18:24,4,"[231, 326, 600, 676]",0.7641644620811286,"[600, 676, 326, 231]",0.7734115347018573
2026-03-09 04:20:22,4,"[231, 326, 600, 676]",0.7641644620811286,"[676, 231, 600, 326]",0.8068163315813811
2026-03-09 04:22:16,4,"[231, 326, 600, 676]",0.7641644620811286,"[326, 600, 676, 231]",0.7441860465116279
2026-03-09 04:24:14,4,"[231, 326, 600, 676]",0.7641644620811286,"[326, 231, 676, 600]",0.7645687645687645
2026-03-09 04:26:08,4,"[231, 326, 600, 676]",0.7641644620811286,"[600, 326, 676, 231]",0.7264877330946659
2026-03-09 04:27:57,4,"[231, 326, 600, 676]",0.7641644620811286,"[676, 326, 231, 600]",0.7512820512820513
2026-03-09 04:29:38,4,"[231, 326, 600, 676]",0.7641644620811286,"[600, 326, 231, 676]",0.7731922398589065
2026-03-09 04:31:20,4,"[231, 326, 600, 676]",0.7641644620811286,"[231, 326, 676, 600]",0.7521331684853698
2026-03-09 04:33:03,4,"[231, 326, 600, 676]",0.7641644620811286,"[326, 676, 231, 600]",0.7660018993352327
2026-03-09 04:34:46,4,"[231, 326, 600, 676]",0.7641644620811286,"[600, 231, 326, 676]",0.7638199920350458
2026-03-09 04:36:23,4,"[231, 326, 600, 676]",0.7641644620811286,"[231, 600, 326, 676]",0.7731922398589065
2026-03-09 04:38:09,4,"[231, 326, 600, 676]",0.7641644620811286,"[676, 600, 231, 326]",0.7764842767295598
2026-03-09 04:39:52,4,"[231, 326, 600, 676]",0.7641644620811286,"[600, 676, 231, 326]",0.8167763981559218
2026-03-09 04:41:35,4,"[231, 326, 600, 676]",0.7641644620811286,"[676, 326, 600, 231]",0.7698446115288219
2026-03-09 04:43:15,4,"[231, 326, 600, 676]",0.7641644620811286,"[231, 600, 676, 326]",0.786799817359669
2026-03-09 04:44:56,4,"[231, 326, 600, 676]",0.7641644620811286,"[326, 676, 600, 231]",0.7801398601398603
2026-03-09 04:46:38,4,"[231, 326, 600, 676]",0.7641644620811286,"[326, 231, 600, 676]",0.7441860465116279
2026-03-09 04:48:14,4,"[231, 326, 600, 676]",0.7641644620811286,"[231, 676, 326, 600]",0.7765101410934744
2026-03-09 04:49:55,4,"[231, 326, 600, 676]",0.7641644620811286,"[676, 231, 326, 600]",0.7609819524626827
2026-03-09 04:51:37,4,"[231, 326, 600, 676]",0.7641644620811286,"[231, 676, 600, 326]",0.7986616300675947
2026-03-09 04:53:17,4,"[231, 326, 600, 676]",0.7641644620811286,"[676, 600, 326, 231]",0.7642832263521919
2026-03-09 04:54:54,4,"[231, 326, 600, 676]",0.7641644620811286,"[326, 600, 231, 676]",0.7641644620811286
2026-03-09 04:56:36,4,"[231, 326, 600, 676]",0.7641644620811286,"[600, 231, 676, 326]",0.7653753082569549
2026-03-09 04:18:18,6,"[114, 155, 249, 408, 502, 587]",0.7384615384615385,"[114, 408, 587, 155, 249, 502]",0.693379257558362
2026-03-09 04:20:14,6,"[114, 155, 249, 408, 502, 587]",0.7384615384615385,"[587, 249, 114, 408, 155, 502]",0.7363636363636363
2026-03-09 04:22:06,6,"[114, 155, 249, 408, 502, 587]",0.7384615384615385,"[155, 502, 249, 408, 114, 587]",0.7384615384615385
2026-03-09 04:23:55,6,"[114, 155, 249, 408, 502, 587]",0.7384615384615385,"[249, 114, 408, 587, 502, 155]",0.7363636363636363
2026-03-09 04:25:41,6,"[114, 155, 249, 408, 502, 587]",0.7384615384615385,"[155, 249, 502, 408, 587, 114]",0.7441860465116279
2026-03-09 04:27:35,6,"[114, 155, 249, 408, 502, 587]",0.7384615384615385,"[249, 587, 114, 502, 155, 408]",0.715566694514063
2026-03-09 04:29:19,6,"[114, 155, 249, 408, 502, 587]",0.7384615384615385,"[502, 155, 408, 114, 587, 249]",0.7428031617505302
2026-03-09 04:31:03,6,"[114, 155, 249, 408, 502, 587]",0.7384615384615385,"[155, 502, 408, 587, 114, 249]",0.7645687645687645
2026-03-09 04:32:46,6,"[114, 155, 249, 408, 502, 587]",0.7384615384615385,"[587, 502, 114, 155, 408, 249]",0.6962962962962963
2026-03-09 04:34:31,6,"[114, 155, 249, 408, 502, 587]",0.7384615384615385,"[587, 408, 155, 114, 249, 502]",0.715566694514063
2026-03-09 04:36:08,6,"[114, 155, 249, 408, 502, 587]",0.7384615384615385,"[114, 155, 408, 587, 502, 249]",0.6962962962962963
2026-03-09 04:37:48,6,"[114, 155, 249, 408, 502, 587]",0.7384615384615385,"[155, 249, 408, 502, 114, 587]",0.7580166603422417
2026-03-09 04:39:30,6,"[114, 155, 249, 408, 502, 587]",0.7384615384615385,"[502, 114, 155, 587, 408, 249]",0.719447633626738
2026-03-09 04:41:05,6,"[114, 155, 249, 408, 502, 587]",0.7384615384615385,"[587, 502, 155, 408, 249, 114]",0.7190202831993878
2026-03-09 04:42:41,6,"[114, 155, 249, 408, 502, 587]",0.7384615384615385,"[587, 249, 155, 408, 502, 114]",0.7521331684853698
2026-03-09 04:44:22,6,"[114, 155, 249, 408, 502, 587]",0.7384615384615385,"[587, 114, 408, 155, 249, 502]",0.7190202831993878
2026-03-09 04:46:04,6,"[114, 155, 249, 408, 502, 587]",0.7384615384615385,"[587, 114, 249, 155, 502, 408]",0.7190202831993878
2026-03-09 04:47:47,6,"[114, 155, 249, 408, 502, 587]",0.7384615384615385,"[114, 249, 408, 502, 587, 155]",0.7465199820386169
2026-03-09 04:49:32,6,"[114, 155, 249, 408, 502, 587]",0.7384615384615385,"[114, 155, 249, 408, 587, 502]",0.7363636363636363
2026-03-09 04:51:12,6,"[114, 155, 249, 408, 502, 587]",0.7384615384615385,"[502, 155, 249, 408, 114, 587]",0.7580483759312949
2026-03-09 04:52:51,6,"[114, 155, 249, 408, 502, 587]",0.7384615384615385,"[155, 249, 408, 502, 587, 114]",0.7580166603422417
2026-03-09 04:54:33,6,"[114, 155, 249, 408, 502, 587]",0.7384615384615385,"[408, 155, 114, 502, 249, 587]",0.7721153109481325
2026-03-09 04:56:16,6,"[114, 155, 249, 408, 502, 587]",0.7384615384615385,"[249, 587, 155, 114, 408, 502]",0.7291078374669705
2026-03-09 04:58:00,6,"[114, 155, 249, 408, 502, 587]",0.7384615384615385,"[587, 249, 114, 502, 155, 408]",0.715566694514063
2026-03-09 04:59:31,6,"[114, 155, 249, 408, 502, 587]",0.7384615384615385,"[408, 502, 587, 114, 249, 155]",0.7308301665207901
2026-03-09 05:01:00,6,"[114, 155, 249, 408, 502, 587]",0.7384615384615385,"[408, 155, 502, 587, 249, 114]",0.7442050702101591
2026-03-09 05:02:31,6,"[114, 155, 249, 408, 502, 587]",0.7384615384615385,"[155, 502, 249, 114, 587, 408]",0.7441860465116279
2026-03-09 05:03:59,6,"[114, 155, 249, 408, 502, 587]",0.7384615384615385,"[155, 587, 502, 114, 249, 408]",0.7256882551000198
2026-03-09 05:05:26,6,"[114, 155, 249, 408, 502, 587]",0.7384615384615385,"[408, 249, 587, 502, 155, 114]",0.7363636363636363
2026-03-09 05:06:53,6,"[114, 155, 249, 408, 502, 587]",0.7384615384615385,"[408, 114, 502, 249, 587, 155]",0.7363636363636363
2026-03-09 04:18:14,8,"[118, 209, 230, 273, 338, 439, 603, 618]",0.7278406598227604,"[118, 273, 338, 209, 439, 230, 603, 618]",0.7278406598227604
2026-03-09 04:20:10,8,"[118, 209, 230, 273, 338, 439, 603, 618]",0.7278406598227604,"[273, 603, 618, 209, 230, 338, 118, 439]",0.732490250445211
2026-03-09 04:22:05,8,"[118, 209, 230, 273, 338, 439, 603, 618]",0.7278406598227604,"[209, 273, 439, 338, 603, 118, 618, 230]",0.7219454836261114
2026-03-09 04:23:49,8,"[118, 209, 230, 273, 338, 439, 603, 618]",0.7278406598227604,"[618, 118, 439, 273, 338, 230, 603, 209]",0.7497156177156178
2026-03-09 04:25:41,8,"[118, 209, 230, 273, 338, 439, 603, 618]",0.7278406598227604,"[618, 603, 118, 273, 230, 338, 439, 209]",0.7578099407367699
2026-03-09 04:27:29,8,"[118, 209, 230, 273, 338, 439, 603, 618]",0.7278406598227604,"[338, 603, 618, 209, 118, 273, 230, 439]",0.7298919115278378
2026-03-09 04:29:11,8,"[118, 209, 230, 273, 338, 439, 603, 618]",0.7278406598227604,"[273, 118, 439, 603, 338, 230, 209, 618]",0.741141319599201
2026-03-09 04:30:56,8,"[118, 209, 230, 273, 338, 439, 603, 618]",0.7278406598227604,"[230, 618, 209, 273, 118, 338, 439, 603]",0.7571971424228606
2026-03-09 04:32:39,8,"[118, 209, 230, 273, 338, 439, 603, 618]",0.7278406598227604,"[439, 273, 209, 118, 230, 603, 338, 618]",0.7713141025641025
2026-03-09 04:34:20,8,"[118, 209, 230, 273, 338, 439, 603, 618]",0.7278406598227604,"[603, 439, 209, 273, 338, 618, 230, 118]",0.751526101119597
2026-03-09 04:36:03,8,"[118, 209, 230, 273, 338, 439, 603, 618]",0.7278406598227604,"[603, 618, 273, 209, 118, 338, 439, 230]",0.7365751633986929
2026-03-09 04:37:45,8,"[118, 209, 230, 273, 338, 439, 603, 618]",0.7278406598227604,"[209, 603, 618, 439, 338, 118, 230, 273]",0.7734115347018573
2026-03-09 04:39:28,8,"[118, 209, 230, 273, 338, 439, 603, 618]",0.7278406598227604,"[118, 230, 209, 603, 439, 273, 618, 338]",0.732490250445211
2026-03-09 04:41:12,8,"[118, 209, 230, 273, 338, 439, 603, 618]",0.7278406598227604,"[618, 338, 603, 439, 230, 118, 273, 209]",0.752269647696477
2026-03-09 04:42:46,8,"[118, 209, 230, 273, 338, 439, 603, 618]",0.7278406598227604,"[273, 230, 209, 118, 338, 603, 439, 618]",0.747008547008547
2026-03-09 04:44:31,8,"[118, 209, 230, 273, 338, 439, 603, 618]",0.7278406598227604,"[230, 209, 118, 273, 603, 618, 338, 439]",0.7490918803418803
2026-03-09 04:46:16,8,"[118, 209, 230, 273, 338, 439, 603, 618]",0.7278406598227604,"[439, 618, 603, 338, 118, 209, 273, 230]",0.774884792626728
2026-03-09 04:47:55,8,"[118, 209, 230, 273, 338, 439, 603, 618]",0.7278406598227604,"[338, 439, 273, 618, 603, 209, 118, 230]",0.7368209608042143
2026-03-09 04:49:39,8,"[118, 209, 230, 273, 338, 439, 603, 618]",0.7278406598227604,"[439, 273, 230, 603, 618, 338, 209, 118]",0.7730369567181712
2026-03-09 04:51:21,8,"[118, 209, 230, 273, 338, 439, 603, 618]",0.7278406598227604,"[230, 618, 603, 338, 439, 273, 209, 118]",0.7269841269841271
2026-03-09 04:53:01,8,"[118, 209, 230, 273, 338, 439, 603, 618]",0.7278406598227604,"[439, 209, 618, 230, 338, 118, 603, 273]",0.7490918803418803
2026-03-09 04:54:43,8,"[118, 209, 230, 273, 338, 439, 603, 618]",0.7278406598227604,"[618, 439, 338, 273, 209, 118, 230, 603]",0.7627209390587725
2026-03-09 04:56:26,8,"[118, 209, 230, 273, 338, 439, 603, 618]",0.7278406598227604,"[618, 338, 439, 118, 603, 273, 230, 209]",0.7596230103838137
2026-03-09 04:58:03,8,"[118, 209, 230, 273, 338, 439, 603, 618]",0.7278406598227604,"[603, 439, 209, 338, 273, 230, 618, 118]",0.7596230103838137
2026-03-09 04:59:38,8,"[118, 209, 230, 273, 338, 439, 603, 618]",0.7278406598227604,"[439, 618, 118, 338, 209, 230, 603, 273]",0.8136714097661882
2026-03-09 05:01:11,8,"[118, 209, 230, 273, 338, 439, 603, 618]",0.7278406598227604,"[439, 230, 603, 209, 618, 338, 118, 273]",0.7832972308412857
2026-03-09 05:02:45,8,"[118, 209, 230, 273, 338, 439, 603, 618]",0.7278406598227604,"[209, 618, 603, 230, 118, 273, 439, 338]",0.7503176100628931
2026-03-09 05:04:15,8,"[118, 209, 230, 273, 338, 439, 603, 618]",0.7278406598227604,"[618, 118, 338, 603, 209, 273, 439, 230]",0.7404863784086543
2026-03-09 05:05:42,8,"[118, 209, 230, 273, 338, 439, 603, 618]",0.7278406598227604,"[230, 439, 603, 618, 209, 118, 273, 338]",0.7654608919361082
2026-03-09 05:07:11,8,"[118, 209, 230, 273, 338, 439, 603, 618]",0.7278406598227604,"[618, 439, 338, 230, 273, 603, 209, 118]",0.752269647696477
2026-03-09 04:18:16,10,"[218, 254, 350, 595, 687, 702, 705, 795, 815, 831]",0.7341865880210352,"[254, 702, 831, 815, 595, 350, 705, 795, 218, 687]",0.7845813263270568
2026-03-09 04:20:18,10,"[218, 254, 350, 595, 687, 702, 705, 795, 815, 831]",0.7341865880210352,"[831, 254, 815, 687, 218, 795, 595, 702, 350, 705]",0.7249116700943944
2026-03-09 04:22:06,10,"[218, 254, 350, 595, 687, 702, 705, 795, 815, 831]",0.7341865880210352,"[350, 687, 705, 831, 702, 254, 815, 595, 218, 795]",0.7609819524626827
2026-03-09 04:23:55,10,"[218, 254, 350, 595, 687, 702, 705, 795, 815, 831]",0.7341865880210352,"[350, 254, 702, 595, 687, 815, 218, 705, 831, 795]",0.747008547008547
2026-03-09 04:25:46,10,"[218, 254, 350, 595, 687, 702, 705, 795, 815, 831]",0.7341865880210352,"[795, 218, 831, 705, 687, 595, 254, 350, 815, 702]",0.724074074074074
2026-03-09 04:27:35,10,"[218, 254, 350, 595, 687, 702, 705, 795, 815, 831]",0.7341865880210352,"[254, 815, 831, 218, 595, 687, 795, 705, 350, 702]",0.8048429145861871
2026-03-09 04:29:13,10,"[218, 254, 350, 595, 687, 702, 705, 795, 815, 831]",0.7341865880210352,"[687, 350, 705, 218, 702, 254, 831, 795, 815, 595]",0.7552364321891805
2026-03-09 04:30:53,10,"[218, 254, 350, 595, 687, 702, 705, 795, 815, 831]",0.7341865880210352,"[705, 831, 218, 815, 702, 795, 254, 687, 595, 350]",0.7612822906940554
2026-03-09 04:32:36,10,"[218, 254, 350, 595, 687, 702, 705, 795, 815, 831]",0.7341865880210352,"[815, 702, 218, 254, 795, 687, 705, 831, 350, 595]",0.7738079542957593
2026-03-09 04:34:17,10,"[218, 254, 350, 595, 687, 702, 705, 795, 815, 831]",0.7341865880210352,"[687, 831, 350, 218, 795, 705, 702, 254, 595, 815]",0.7448670377241807
2026-03-09 04:35:58,10,"[218, 254, 350, 595, 687, 702, 705, 795, 815, 831]",0.7341865880210352,"[350, 705, 831, 815, 795, 218, 595, 254, 687, 702]",0.7293846274141841
2026-03-09 04:37:42,10,"[218, 254, 350, 595, 687, 702, 705, 795, 815, 831]",0.7341865880210352,"[702, 687, 705, 254, 831, 595, 795, 350, 218, 815]",0.7670042375924728
2026-03-09 04:39:29,10,"[218, 254, 350, 595, 687, 702, 705, 795, 815, 831]",0.7341865880210352,"[687, 218, 595, 815, 795, 705, 702, 254, 831, 350]",0.7768219832735962
2026-03-09 04:41:06,10,"[218, 254, 350, 595, 687, 702, 705, 795, 815, 831]",0.7341865880210352,"[831, 795, 815, 350, 218, 254, 705, 595, 687, 702]",0.7591809081356119
2026-03-09 04:42:50,10,"[218, 254, 350, 595, 687, 702, 705, 795, 815, 831]",0.7341865880210352,"[254, 815, 218, 687, 795, 705, 350, 702, 831, 595]",0.7394335511982572
2026-03-09 04:44:32,10,"[218, 254, 350, 595, 687, 702, 705, 795, 815, 831]",0.7341865880210352,"[702, 815, 831, 350, 218, 795, 595, 254, 687, 705]",0.6884954983463946
2026-03-09 04:46:18,10,"[218, 254, 350, 595, 687, 702, 705, 795, 815, 831]",0.7341865880210352,"[254, 218, 350, 795, 815, 595, 705, 702, 831, 687]",0.7792049822410353
2026-03-09 04:48:02,10,"[218, 254, 350, 595, 687, 702, 705, 795, 815, 831]",0.7341865880210352,"[254, 595, 350, 705, 815, 218, 702, 687, 795, 831]",0.7509129620840583
2026-03-09 04:49:39,10,"[218, 254, 350, 595, 687, 702, 705, 795, 815, 831]",0.7341865880210352,"[815, 687, 254, 705, 350, 702, 218, 595, 831, 795]",0.7331105146773349
2026-03-09 04:51:21,10,"[218, 254, 350, 595, 687, 702, 705, 795, 815, 831]",0.7341865880210352,"[705, 595, 795, 702, 254, 687, 831, 218, 350, 815]",0.7494720965309201
2026-03-09 04:53:03,10,"[218, 254, 350, 595, 687, 702, 705, 795, 815, 831]",0.7341865880210352,"[687, 705, 831, 218, 815, 350, 702, 595, 254, 795]",0.7068242289111853
2026-03-09 04:54:44,10,"[218, 254, 350, 595, 687, 702, 705, 795, 815, 831]",0.7341865880210352,"[831, 218, 254, 702, 350, 795, 705, 687, 595, 815]",0.7426517112453265
2026-03-09 04:56:33,10,"[218, 254, 350, 595, 687, 702, 705, 795, 815, 831]",0.7341865880210352,"[831, 705, 595, 254, 702, 687, 815, 218, 350, 795]",0.7436192381428691
2026-03-09 04:58:17,10,"[218, 254, 350, 595, 687, 702, 705, 795, 815, 831]",0.7341865880210352,"[705, 702, 350, 687, 815, 795, 254, 218, 831, 595]",0.7503598720884175
2026-03-09 04:59:47,10,"[218, 254, 350, 595, 687, 702, 705, 795, 815, 831]",0.7341865880210352,"[795, 831, 815, 687, 595, 218, 254, 702, 705, 350]",0.7469772774650822
2026-03-09 05:01:16,10,"[218, 254, 350, 595, 687, 702, 705, 795, 815, 831]",0.7341865880210352,"[350, 687, 218, 705, 831, 595, 702, 815, 795, 254]",0.7913686566437989
2026-03-09 05:02:46,10,"[218, 254, 350, 595, 687, 702, 705, 795, 815, 831]",0.7341865880210352,"[595, 831, 350, 218, 705, 795, 702, 815, 687, 254]",0.7448670377241807
2026-03-09 05:04:17,10,"[218, 254, 350, 595, 687, 702, 705, 795, 815, 831]",0.7341865880210352,"[815, 218, 595, 350, 795, 702, 254, 687, 831, 705]",0.708055871365925
2026-03-09 05:05:47,10,"[218, 254, 350, 595, 687, 702, 705, 795, 815, 831]",0.7341865880210352,"[218, 687, 705, 702, 815, 254, 595, 831, 350, 795]",0.7365751633986929
2026-03-09 05:07:23,10,"[218, 254, 350, 595, 687, 702, 705, 795, 815, 831]",0.7341865880210352,"[795, 705, 254, 350, 702, 218, 595, 687, 831, 815]",0.7320449788815826
2026-03-09 04:18:18,12,"[23, 53, 68, 121, 168, 249, 355, 367, 436, 574, 589, 831]",0.7731488109440865,"[23, 831, 574, 249, 53, 355, 121, 589, 168, 436, 367, 68]",0.7559139784946236
2026-03-09 04:20:16,12,"[23, 53, 68, 121, 168, 249, 355, 367, 436, 574, 589, 831]",0.7731488109440865,"[249, 53, 589, 68, 355, 574, 168, 436, 367, 23, 831, 121]",0.7241509433962264
2026-03-09 04:22:02,12,"[23, 53, 68, 121, 168, 249, 355, 367, 436, 574, 589, 831]",0.7731488109440865,"[367, 23, 589, 121, 831, 574, 249, 53, 68, 436, 168, 355]",0.789062893081761
2026-03-09 04:23:53,12,"[23, 53, 68, 121, 168, 249, 355, 367, 436, 574, 589, 831]",0.7731488109440865,"[121, 367, 68, 436, 831, 53, 574, 168, 249, 23, 589, 355]",0.8067452872330921
2026-03-09 04:25:43,12,"[23, 53, 68, 121, 168, 249, 355, 367, 436, 574, 589, 831]",0.7731488109440865,"[249, 68, 574, 831, 53, 168, 436, 367, 589, 23, 121, 355]",0.7913686566437989
2026-03-09 04:27:34,12,"[23, 53, 68, 121, 168, 249, 355, 367, 436, 574, 589, 831]",0.7731488109440865,"[831, 249, 53, 168, 436, 68, 355, 121, 367, 23, 574, 589]",0.7285654046564862
2026-03-09 04:29:17,12,"[23, 53, 68, 121, 168, 249, 355, 367, 436, 574, 589, 831]",0.7731488109440865,"[168, 574, 831, 121, 355, 53, 68, 589, 367, 23, 436, 249]",0.7845873233014137
2026-03-09 04:30:58,12,"[23, 53, 68, 121, 168, 249, 355, 367, 436, 574, 589, 831]",0.7731488109440865,"[831, 355, 68, 249, 53, 574, 168, 121, 367, 436, 589, 23]",0.7321937321937323
2026-03-09 04:32:38,12,"[23, 53, 68, 121, 168, 249, 355, 367, 436, 574, 589, 831]",0.7731488109440865,"[355, 574, 53, 121, 68, 831, 367, 23, 589, 249, 168, 436]",0.7660018993352327
2026-03-09 04:34:19,12,"[23, 53, 68, 121, 168, 249, 355, 367, 436, 574, 589, 831]",0.7731488109440865,"[589, 53, 367, 23, 168, 574, 121, 436, 249, 831, 68, 355]",0.789062893081761
2026-03-09 04:36:02,12,"[23, 53, 68, 121, 168, 249, 355, 367, 436, 574, 589, 831]",0.7731488109440865,"[23, 589, 121, 249, 53, 831, 436, 355, 68, 574, 168, 367]",0.7987355635205097
2026-03-09 04:37:46,12,"[23, 53, 68, 121, 168, 249, 355, 367, 436, 574, 589, 831]",0.7731488109440865,"[168, 436, 23, 68, 249, 355, 589, 574, 121, 831, 367, 53]",0.7708688887518077
2026-03-09 04:39:27,12,"[23, 53, 68, 121, 168, 249, 355, 367, 436, 574, 589, 831]",0.7731488109440865,"[367, 23, 168, 68, 831, 355, 53, 436, 574, 249, 589, 121]",0.7672410985847612
2026-03-09 04:41:09,12,"[23, 53, 68, 121, 168, 249, 355, 367, 436, 574, 589, 831]",0.7731488109440865,"[831, 168, 53, 355, 249, 121, 367, 68, 574, 589, 23, 436]",0.7696234049175227
2026-03-09 04:42:53,12,"[23, 53, 68, 121, 168, 249, 355, 367, 436, 574, 589, 831]",0.7731488109440865,"[367, 68, 168, 574, 249, 831, 589, 355, 436, 23, 121, 53]",0.7802197802197801
2026-03-09 04:44:38,12,"[23, 53, 68, 121, 168, 249, 355, 367, 436, 574, 589, 831]",0.7731488109440865,"[831, 367, 436, 53, 589, 68, 249, 168, 121, 355, 23, 574]",0.7574074074074074
2026-03-09 04:46:17,12,"[23, 53, 68, 121, 168, 249, 355, 367, 436, 574, 589, 831]",0.7731488109440865,"[249, 589, 121, 168, 53, 367, 23, 574, 436, 831, 68, 355]",0.7752509712509713
2026-03-09 04:47:58,12,"[23, 53, 68, 121, 168, 249, 355, 367, 436, 574, 589, 831]",0.7731488109440865,"[367, 249, 574, 355, 436, 121, 831, 168, 68, 53, 23, 589]",0.7136697535449579
2026-03-09 04:49:40,12,"[23, 53, 68, 121, 168, 249, 355, 367, 436, 574, 589, 831]",0.7731488109440865,"[436, 355, 831, 249, 68, 168, 23, 367, 121, 574, 53, 589]",0.7490918803418803
2026-03-09 04:51:22,12,"[23, 53, 68, 121, 168, 249, 355, 367, 436, 574, 589, 831]",0.7731488109440865,"[23, 249, 168, 53, 831, 121, 367, 68, 574, 436, 355, 589]",0.741668049945591
2026-03-09 04:53:07,12,"[23, 53, 68, 121, 168, 249, 355, 367, 436, 574, 589, 831]",0.7731488109440865,"[68, 249, 367, 436, 831, 23, 589, 53, 168, 574, 121, 355]",0.7752509712509713
2026-03-09 04:54:49,12,"[23, 53, 68, 121, 168, 249, 355, 367, 436, 574, 589, 831]",0.7731488109440865,"[574, 53, 367, 168, 68, 589, 831, 23, 355, 436, 249, 121]",0.7734809210219047
2026-03-09 04:56:32,12,"[23, 53, 68, 121, 168, 249, 355, 367, 436, 574, 589, 831]",0.7731488109440865,"[355, 23, 53, 589, 367, 68, 121, 436, 831, 168, 574, 249]",0.818342151675485
2026-03-09 04:58:16,12,"[23, 53, 68, 121, 168, 249, 355, 367, 436, 574, 589, 831]",0.7731488109440865,"[53, 574, 436, 367, 831, 121, 23, 589, 249, 168, 68, 355]",0.7906587017124651
2026-03-09 04:59:46,12,"[23, 53, 68, 121, 168, 249, 355, 367, 436, 574, 589, 831]",0.7731488109440865,"[574, 168, 121, 831, 249, 355, 23, 68, 436, 53, 589, 367]",0.7404863784086543
2026-03-09 05:01:14,12,"[23, 53, 68, 121, 168, 249, 355, 367, 436, 574, 589, 831]",0.7731488109440865,"[53, 367, 589, 249, 831, 436, 168, 355, 68, 574, 121, 23]",0.7815662823096661
2026-03-09 05:02:48,12,"[23, 53, 68, 121, 168, 249, 355, 367, 436, 574, 589, 831]",0.7731488109440865,"[436, 68, 831, 23, 589, 249, 355, 574, 367, 53, 168, 121]",0.8100389194139194
2026-03-09 05:04:15,12,"[23, 53, 68, 121, 168, 249, 355, 367, 436, 574, 589, 831]",0.7731488109440865,"[436, 23, 68, 168, 121, 574, 249, 355, 831, 53, 589, 367]",0.7216613247863247
2026-03-09 05:05:48,12,"[23, 53, 68, 121, 168, 249, 355, 367, 436, 574, 589, 831]",0.7731488109440865,"[831, 589, 436, 249, 23, 53, 355, 574, 367, 121, 68, 168]",0.7510509031198686
2026-03-09 05:07:18,12,"[23, 53, 68, 121, 168, 249, 355, 367, 436, 574, 589, 831]",0.7731488109440865,"[168, 23, 249, 367, 121, 68, 831, 53, 355, 436, 589, 574]",0.7494979216290693
2026-03-09 04:18:17,16,"[5, 28, 63, 138, 150, 223, 266, 285, 347, 384, 440, 480, 520, 608, 610, 611]",0.7687141767730191,"[520, 28, 150, 384, 223, 347, 63, 611, 285, 608, 5, 610, 440, 480, 138, 266]",0.7611196630804474
2026-03-09 04:20:12,16,"[5, 28, 63, 138, 150, 223, 266, 285, 347, 384, 440, 480, 520, 608, 610, 611]",0.7687141767730191,"[347, 223, 480, 63, 266, 150, 610, 520, 440, 138, 285, 5, 28, 611, 608, 384]",0.7498989898989898
2026-03-09 04:22:04,16,"[5, 28, 63, 138, 150, 223, 266, 285, 347, 384, 440, 480, 520, 608, 610, 611]",0.7687141767730191,"[440, 384, 608, 223, 347, 266, 285, 28, 138, 520, 480, 610, 63, 5, 611, 150]",0.7384512794865383
2026-03-09 04:23:59,16,"[5, 28, 63, 138, 150, 223, 266, 285, 347, 384, 440, 480, 520, 608, 610, 611]",0.7687141767730191,"[266, 480, 610, 138, 63, 223, 384, 520, 347, 611, 28, 440, 608, 150, 5, 285]",0.7305406555981269
2026-03-09 04:25:50,16,"[5, 28, 63, 138, 150, 223, 266, 285, 347, 384, 440, 480, 520, 608, 610, 611]",0.7687141767730191,"[266, 611, 223, 150, 480, 440, 5, 63, 28, 608, 520, 384, 610, 285, 138, 347]",0.7632915173237754
2026-03-09 04:27:41,16,"[5, 28, 63, 138, 150, 223, 266, 285, 347, 384, 440, 480, 520, 608, 610, 611]",0.7687141767730191,"[440, 223, 520, 610, 266, 384, 347, 138, 5, 608, 28, 63, 285, 480, 150, 611]",0.7725258861011549
2026-03-09 04:29:25,16,"[5, 28, 63, 138, 150, 223, 266, 285, 347, 384, 440, 480, 520, 608, 610, 611]",0.7687141767730191,"[28, 266, 611, 384, 63, 520, 440, 480, 223, 608, 150, 347, 610, 285, 5, 138]",0.746849593495935
2026-03-09 04:31:05,16,"[5, 28, 63, 138, 150, 223, 266, 285, 347, 384, 440, 480, 520, 608, 610, 611]",0.7687141767730191,"[608, 347, 5, 520, 150, 480, 384, 63, 285, 28, 611, 223, 610, 138, 440, 266]",0.7938271604938271
2026-03-09 04:32:44,16,"[5, 28, 63, 138, 150, 223, 266, 285, 347, 384, 440, 480, 520, 608, 610, 611]",0.7687141767730191,"[138, 347, 611, 608, 63, 440, 610, 28, 285, 480, 266, 223, 5, 520, 384, 150]",0.7537199359514023
2026-03-09 04:34:31,16,"[5, 28, 63, 138, 150, 223, 266, 285, 347, 384, 440, 480, 520, 608, 610, 611]",0.7687141767730191,"[63, 150, 384, 5, 347, 610, 480, 138, 440, 223, 28, 266, 608, 611, 285, 520]",0.7773656538408701
2026-03-09 04:36:16,16,"[5, 28, 63, 138, 150, 223, 266, 285, 347, 384, 440, 480, 520, 608, 610, 611]",0.7687141767730191,"[63, 223, 608, 610, 440, 285, 384, 150, 520, 266, 347, 28, 611, 480, 5, 138]",0.7164529914529915
2026-03-09 04:38:00,16,"[5, 28, 63, 138, 150, 223, 266, 285, 347, 384, 440, 480, 520, 608, 610, 611]",0.7687141767730191,"[611, 63, 138, 440, 384, 520, 480, 285, 5, 266, 608, 610, 347, 28, 150, 223]",0.7164529914529915
2026-03-09 04:39:41,16,"[5, 28, 63, 138, 150, 223, 266, 285, 347, 384, 440, 480, 520, 608, 610, 611]",0.7687141767730191,"[285, 5, 150, 384, 347, 266, 480, 608, 520, 440, 28, 611, 63, 610, 223, 138]",0.7628962264150944
2026-03-09 04:41:24,16,"[5, 28, 63, 138, 150, 223, 266, 285, 347, 384, 440, 480, 520, 608, 610, 611]",0.7687141767730191,"[480, 138, 520, 285, 63, 384, 5, 440, 266, 28, 223, 611, 347, 150, 608, 610]",0.7532913677841213
2026-03-09 04:43:07,16,"[5, 28, 63, 138, 150, 223, 266, 285, 347, 384, 440, 480, 520, 608, 610, 611]",0.7687141767730191,"[150, 608, 63, 480, 5, 28, 266, 384, 611, 440, 520, 285, 138, 347, 610, 223]",0.7612224023467654
2026-03-09 04:44:49,16,"[5, 28, 63, 138, 150, 223, 266, 285, 347, 384, 440, 480, 520, 608, 610, 611]",0.7687141767730191,"[520, 440, 138, 611, 610, 347, 266, 28, 223, 480, 384, 608, 5, 63, 285, 150]",0.7653333333333334
2026-03-09 04:46:36,16,"[5, 28, 63, 138, 150, 223, 266, 285, 347, 384, 440, 480, 520, 608, 610, 611]",0.7687141767730191,"[440, 384, 138, 223, 63, 611, 610, 5, 150, 28, 520, 480, 266, 285, 347, 608]",0.7361111111111112
2026-03-09 04:48:15,16,"[5, 28, 63, 138, 150, 223, 266, 285, 347, 384, 440, 480, 520, 608, 610, 611]",0.7687141767730191,"[384, 5, 608, 28, 610, 285, 520, 440, 611, 150, 63, 266, 138, 223, 480, 347]",0.7414002821972461
2026-03-09 04:50:00,16,"[5, 28, 63, 138, 150, 223, 266, 285, 347, 384, 440, 480, 520, 608, 610, 611]",0.7687141767730191,"[63, 440, 223, 611, 480, 384, 5, 608, 150, 610, 28, 347, 285, 138, 520, 266]",0.7418392969240427
2026-03-09 04:51:43,16,"[5, 28, 63, 138, 150, 223, 266, 285, 347, 384, 440, 480, 520, 608, 610, 611]",0.7687141767730191,"[520, 384, 63, 138, 285, 28, 480, 5, 610, 440, 223, 608, 611, 266, 347, 150]",0.7663844694205225
2026-03-09 04:53:28,16,"[5, 28, 63, 138, 150, 223, 266, 285, 347, 384, 440, 480, 520, 608, 610, 611]",0.7687141767730191,"[520, 266, 285, 608, 138, 28, 611, 150, 480, 440, 63, 347, 610, 223, 5, 384]",0.7602342996745032
2026-03-09 04:55:08,16,"[5, 28, 63, 138, 150, 223, 266, 285, 347, 384, 440, 480, 520, 608, 610, 611]",0.7687141767730191,"[610, 384, 223, 28, 480, 608, 440, 347, 611, 520, 266, 63, 5, 138, 150, 285]",0.7161576354679803
2026-03-09 04:56:53,16,"[5, 28, 63, 138, 150, 223, 266, 285, 347, 384, 440, 480, 520, 608, 610, 611]",0.7687141767730191,"[520, 608, 384, 223, 611, 150, 285, 266, 610, 138, 63, 347, 5, 440, 28, 480]",0.757915287327052
2026-03-09 04:58:31,16,"[5, 28, 63, 138, 150, 223, 266, 285, 347, 384, 440, 480, 520, 608, 610, 611]",0.7687141767730191,"[28, 285, 5, 138, 608, 347, 384, 610, 440, 480, 611, 520, 223, 150, 266, 63]",0.7286014558741831
2026-03-09 05:00:04,16,"[5, 28, 63, 138, 150, 223, 266, 285, 347, 384, 440, 480, 520, 608, 610, 611]",0.7687141767730191,"[610, 138, 223, 608, 347, 28, 384, 440, 285, 266, 611, 480, 5, 150, 63, 520]",0.7140593611181846
2026-03-09 05:01:37,16,"[5, 28, 63, 138, 150, 223, 266, 285, 347, 384, 440, 480, 520, 608, 610, 611]",0.7687141767730191,"[63, 347, 150, 266, 520, 440, 611, 138, 28, 223, 608, 384, 285, 5, 480, 610]",0.7734115347018573
2026-03-09 05:03:08,16,"[5, 28, 63, 138, 150, 223, 266, 285, 347, 384, 440, 480, 520, 608, 610, 611]",0.7687141767730191,"[520, 266, 384, 610, 150, 611, 480, 285, 28, 608, 5, 138, 63, 223, 440, 347]",0.7589922210611867
2026-03-09 05:04:41,16,"[5, 28, 63, 138, 150, 223, 266, 285, 347, 384, 440, 480, 520, 608, 610, 611]",0.7687141767730191,"[223, 63, 520, 285, 138, 440, 266, 611, 150, 608, 610, 480, 347, 28, 5, 384]",0.7752995554109737
2026-03-09 05:06:12,16,"[5, 28, 63, 138, 150, 223, 266, 285, 347, 384, 440, 480, 520, 608, 610, 611]",0.7687141767730191,"[5, 150, 520, 608, 63, 611, 138, 266, 440, 480, 610, 384, 223, 28, 285, 347]",0.7486128186614106
2026-03-09 05:07:44,16,"[5, 28, 63, 138, 150, 223, 266, 285, 347, 384, 440, 480, 520, 608, 610, 611]",0.7687141767730191,"[223, 347, 5, 28, 610, 611, 266, 384, 608, 138, 150, 285, 480, 63, 440, 520]",0.7058201058201058
2026-03-09 04:18:26,20,"[43, 81, 130, 156, 159, 168, 214, 253, 281, 309, 320, 350, 368, 458, 513, 558, 630, 697, 753, 773]",0.7654608919361082,"[214, 558, 156, 630, 81, 368, 458, 43, 309, 350, 281, 697, 773, 320, 159, 513, 253, 130, 168, 753]",0.789062893081761
2026-03-09 04:20:20,20,"[43, 81, 130, 156, 159, 168, 214, 253, 281, 309, 320, 350, 368, 458, 513, 558, 630, 697, 753, 773]",0.7654608919361082,"[309, 753, 368, 214, 130, 458, 159, 697, 253, 281, 773, 81, 513, 156, 350, 168, 320, 43, 630, 558]",0.7909293240572132
2026-03-09 04:22:09,20,"[43, 81, 130, 156, 159, 168, 214, 253, 281, 309, 320, 350, 368, 458, 513, 558, 630, 697, 753, 773]",0.7654608919361082,"[320, 558, 214, 368, 168, 81, 281, 513, 773, 630, 130, 156, 159, 697, 350, 253, 458, 753, 309, 43]",0.7884364935634022
2026-03-09 04:24:05,20,"[43, 81, 130, 156, 159, 168, 214, 253, 281, 309, 320, 350, 368, 458, 513, 558, 630, 697, 753, 773]",0.7654608919361082,"[253, 159, 81, 43, 753, 156, 320, 773, 281, 630, 368, 168, 130, 458, 697, 350, 214, 309, 558, 513]",0.7667262664963813
2026-03-09 04:26:04,20,"[43, 81, 130, 156, 159, 168, 214, 253, 281, 309, 320, 350, 368, 458, 513, 558, 630, 697, 753, 773]",0.7654608919361082,"[630, 159, 558, 753, 458, 309, 350, 81, 214, 130, 697, 368, 168, 281, 320, 253, 773, 513, 43, 156]",0.7642434210526315
2026-03-09 04:27:53,20,"[43, 81, 130, 156, 159, 168, 214, 253, 281, 309, 320, 350, 368, 458, 513, 558, 630, 697, 753, 773]",0.7654608919361082,"[168, 458, 309, 281, 43, 350, 513, 130, 156, 773, 214, 159, 697, 253, 630, 368, 81, 320, 753, 558]",0.7602657591962405
2026-03-09 04:29:40,20,"[43, 81, 130, 156, 159, 168, 214, 253, 281, 309, 320, 350, 368, 458, 513, 558, 630, 697, 753, 773]",0.7654608919361082,"[281, 253, 168, 513, 753, 773, 214, 458, 156, 309, 368, 630, 697, 320, 130, 43, 81, 159, 350, 558]",0.7616887747824846
2026-03-09 04:31:24,20,"[43, 81, 130, 156, 159, 168, 214, 253, 281, 309, 320, 350, 368, 458, 513, 558, 630, 697, 753, 773]",0.7654608919361082,"[253, 43, 168, 558, 697, 81, 156, 458, 773, 214, 320, 513, 130, 159, 753, 309, 350, 368, 281, 630]",0.7618655245869702
2026-03-09 04:33:10,20,"[43, 81, 130, 156, 159, 168, 214, 253, 281, 309, 320, 350, 368, 458, 513, 558, 630, 697, 753, 773]",0.7654608919361082,"[697, 558, 368, 156, 81, 320, 773, 281, 513, 130, 309, 168, 630, 753, 214, 159, 458, 43, 350, 253]",0.7391461412151067
2026-03-09 04:34:58,20,"[43, 81, 130, 156, 159, 168, 214, 253, 281, 309, 320, 350, 368, 458, 513, 558, 630, 697, 753, 773]",0.7654608919361082,"[168, 214, 558, 513, 81, 309, 753, 697, 281, 130, 458, 43, 368, 159, 320, 253, 350, 630, 156, 773]",0.7424562820335717
2026-03-09 04:36:43,20,"[43, 81, 130, 156, 159, 168, 214, 253, 281, 309, 320, 350, 368, 458, 513, 558, 630, 697, 753, 773]",0.7654608919361082,"[156, 253, 214, 81, 558, 309, 513, 350, 159, 168, 281, 130, 697, 368, 753, 630, 773, 43, 458, 320]",0.7569365500399984
2026-03-09 04:38:28,20,"[43, 81, 130, 156, 159, 168, 214, 253, 281, 309, 320, 350, 368, 458, 513, 558, 630, 697, 753, 773]",0.7654608919361082,"[458, 630, 214, 558, 753, 773, 156, 320, 253, 159, 309, 43, 281, 168, 130, 81, 368, 513, 697, 350]",0.7448866067608044
2026-03-09 04:40:12,20,"[43, 81, 130, 156, 159, 168, 214, 253, 281, 309, 320, 350, 368, 458, 513, 558, 630, 697, 753, 773]",0.7654608919361082,"[130, 513, 350, 558, 81, 773, 368, 281, 168, 309, 43, 458, 159, 753, 156, 214, 253, 320, 630, 697]",0.7457693465823546
2026-03-09 04:42:02,20,"[43, 81, 130, 156, 159, 168, 214, 253, 281, 309, 320, 350, 368, 458, 513, 558, 630, 697, 753, 773]",0.7654608919361082,"[558, 697, 368, 458, 513, 350, 320, 253, 168, 156, 281, 630, 130, 309, 43, 753, 159, 81, 214, 773]",0.7605820105820106
2026-03-09 04:43:44,20,"[43, 81, 130, 156, 159, 168, 214, 253, 281, 309, 320, 350, 368, 458, 513, 558, 630, 697, 753, 773]",0.7654608919361082,"[350, 130, 214, 753, 458, 368, 558, 168, 253, 81, 630, 281, 156, 773, 43, 697, 513, 159, 320, 309]",0.7318163619378085
2026-03-09 04:45:27,20,"[43, 81, 130, 156, 159, 168, 214, 253, 281, 309, 320, 350, 368, 458, 513, 558, 630, 697, 753, 773]",0.7654608919361082,"[159, 281, 81, 513, 168, 253, 130, 320, 368, 630, 309, 458, 773, 43, 156, 558, 697, 753, 214, 350]",0.768707101834991
2026-03-09 04:47:14,20,"[43, 81, 130, 156, 159, 168, 214, 253, 281, 309, 320, 350, 368, 458, 513, 558, 630, 697, 753, 773]",0.7654608919361082,"[309, 43, 558, 697, 253, 130, 458, 281, 513, 159, 753, 81, 350, 773, 320, 368, 168, 214, 156, 630]",0.7135149572649572
2026-03-09 04:49:00,20,"[43, 81, 130, 156, 159, 168, 214, 253, 281, 309, 320, 350, 368, 458, 513, 558, 630, 697, 753, 773]",0.7654608919361082,"[309, 253, 320, 159, 753, 773, 281, 168, 350, 630, 513, 81, 368, 214, 43, 697, 558, 458, 156, 130]",0.7641644620811286
2026-03-09 04:50:44,20,"[43, 81, 130, 156, 159, 168, 214, 253, 281, 309, 320, 350, 368, 458, 513, 558, 630, 697, 753, 773]",0.7654608919361082,"[156, 81, 558, 159, 281, 214, 43, 630, 773, 168, 368, 350, 320, 753, 253, 458, 309, 697, 130, 513]",0.7528153717627402
2026-03-09 04:52:29,20,"[43, 81, 130, 156, 159, 168, 214, 253, 281, 309, 320, 350, 368, 458, 513, 558, 630, 697, 753, 773]",0.7654608919361082,"[558, 309, 81, 458, 214, 368, 156, 753, 773, 513, 253, 320, 168, 43, 281, 350, 159, 630, 697, 130]",0.6360190915341989
2026-03-09 04:54:12,20,"[43, 81, 130, 156, 159, 168, 214, 253, 281, 309, 320, 350, 368, 458, 513, 558, 630, 697, 753, 773]",0.7654608919361082,"[43, 320, 130, 558, 458, 368, 168, 214, 281, 697, 253, 81, 513, 159, 753, 156, 309, 773, 630, 350]",0.7636360781357955
2026-03-09 04:55:58,20,"[43, 81, 130, 156, 159, 168, 214, 253, 281, 309, 320, 350, 368, 458, 513, 558, 630, 697, 753, 773]",0.7654608919361082,"[309, 697, 773, 168, 156, 753, 558, 513, 159, 214, 130, 281, 320, 630, 368, 458, 253, 43, 350, 81]",0.7975044563279857
2026-03-09 04:57:42,20,"[43, 81, 130, 156, 159, 168, 214, 253, 281, 309, 320, 350, 368, 458, 513, 558, 630, 697, 753, 773]",0.7654608919361082,"[81, 753, 214, 368, 773, 159, 168, 350, 630, 513, 43, 309, 130, 253, 458, 558, 156, 320, 281, 697]",0.7468710089399745
2026-03-09 04:59:19,20,"[43, 81, 130, 156, 159, 168, 214, 253, 281, 309, 320, 350, 368, 458, 513, 558, 630, 697, 753, 773]",0.7654608919361082,"[458, 368, 43, 697, 214, 558, 309, 630, 281, 773, 513, 320, 168, 81, 753, 156, 159, 253, 130, 350]",0.7315405681426407
2026-03-09 05:00:53,20,"[43, 81, 130, 156, 159, 168, 214, 253, 281, 309, 320, 350, 368, 458, 513, 558, 630, 697, 753, 773]",0.7654608919361082,"[368, 773, 81, 558, 513, 253, 130, 43, 214, 320, 753, 697, 350, 458, 168, 159, 630, 156, 281, 309]",0.7321890996687745
2026-03-09 05:02:27,20,"[43, 81, 130, 156, 159, 168, 214, 253, 281, 309, 320, 350, 368, 458, 513, 558, 630, 697, 753, 773]",0.7654608919361082,"[168, 697, 773, 159, 130, 281, 458, 630, 350, 214, 43, 320, 81, 558, 513, 753, 309, 368, 253, 156]",0.746849593495935
2026-03-09 05:04:00,20,"[43, 81, 130, 156, 159, 168, 214, 253, 281, 309, 320, 350, 368, 458, 513, 558, 630, 697, 753, 773]",0.7654608919361082,"[558, 513, 281, 753, 168, 130, 368, 159, 458, 630, 253, 697, 214, 320, 773, 309, 81, 156, 43, 350]",0.7705529864322515
2026-03-09 05:05:36,20,"[43, 81, 130, 156, 159, 168, 214, 253, 281, 309, 320, 350, 368, 458, 513, 558, 630, 697, 753, 773]",0.7654608919361082,"[773, 368, 253, 214, 168, 81, 156, 350, 159, 558, 281, 753, 697, 43, 130, 513, 458, 309, 630, 320]",0.7581487050960735
2026-03-09 05:07:09,20,"[43, 81, 130, 156, 159, 168, 214, 253, 281, 309, 320, 350, 368, 458, 513, 558, 630, 697, 753, 773]",0.7654608919361082,"[309, 320, 773, 281, 558, 43, 350, 630, 130, 168, 159, 81, 156, 513, 697, 753, 368, 458, 253, 214]",0.7300051203277009
2026-03-09 05:08:39,20,"[43, 81, 130, 156, 159, 168, 214, 253, 281, 309, 320, 350, 368, 458, 513, 558, 630, 697, 753, 773]",0.7654608919361082,"[159, 309, 214, 156, 558, 458, 320, 368, 773, 697, 281, 81, 513, 130, 630, 168, 43, 753, 253, 350]",0.7637688358999833
2026-03-09 04:18:16,24,"[7, 50, 70, 101, 117, 151, 201, 282, 323, 339, 368, 379, 419, 428, 430, 459, 512, 618, 624, 637, 662, 742, 790, 812]",0.7342174432497014,"[368, 117, 419, 7, 512, 742, 624, 201, 379, 151, 50, 637, 618, 662, 812, 459, 101, 323, 790, 430, 282, 428, 339, 70]",0.7527006172839507
2026-03-09 04:20:24,24,"[7, 50, 70, 101, 117, 151, 201, 282, 323, 339, 368, 379, 419, 428, 430, 459, 512, 618, 624, 637, 662, 742, 790, 812]",0.7342174432497014,"[512, 459, 618, 637, 323, 70, 428, 151, 742, 50, 812, 101, 790, 282, 339, 368, 624, 430, 201, 662, 7, 379, 117, 419]",0.7503176100628931
2026-03-09 04:22:26,24,"[7, 50, 70, 101, 117, 151, 201, 282, 323, 339, 368, 379, 419, 428, 430, 459, 512, 618, 624, 637, 662, 742, 790, 812]",0.7342174432497014,"[812, 117, 742, 430, 282, 70, 662, 151, 512, 339, 618, 624, 790, 201, 368, 50, 428, 459, 379, 101, 637, 7, 323, 419]",0.7048340945278411
2026-03-09 04:24:18,24,"[7, 50, 70, 101, 117, 151, 201, 282, 323, 339, 368, 379, 419, 428, 430, 459, 512, 618, 624, 637, 662, 742, 790, 812]",0.7342174432497014,"[282, 101, 428, 419, 201, 379, 742, 618, 637, 151, 117, 70, 512, 323, 662, 50, 624, 430, 812, 459, 790, 7, 339, 368]",0.7247863247863249
2026-03-09 04:26:13,24,"[7, 50, 70, 101, 117, 151, 201, 282, 323, 339, 368, 379, 419, 428, 430, 459, 512, 618, 624, 637, 662, 742, 790, 812]",0.7342174432497014,"[430, 419, 70, 323, 282, 662, 368, 7, 50, 459, 624, 339, 201, 379, 790, 512, 637, 428, 742, 101, 812, 618, 117, 151]",0.7121465114971608
2026-03-09 04:28:04,24,"[7, 50, 70, 101, 117, 151, 201, 282, 323, 339, 368, 379, 419, 428, 430, 459, 512, 618, 624, 637, 662, 742, 790, 812]",0.7342174432497014,"[282, 459, 512, 368, 7, 430, 117, 339, 662, 812, 618, 70, 419, 151, 50, 624, 742, 790, 428, 323, 101, 637, 201, 379]",0.7449894279162571
2026-03-09 04:29:50,24,"[7, 50, 70, 101, 117, 151, 201, 282, 323, 339, 368, 379, 419, 428, 430, 459, 512, 618, 624, 637, 662, 742, 790, 812]",0.7342174432497014,"[282, 430, 201, 459, 339, 7, 70, 742, 117, 368, 662, 50, 379, 812, 790, 428, 419, 512, 323, 624, 151, 637, 618, 101]",0.7163845782112762
2026-03-09 04:31:37,24,"[7, 50, 70, 101, 117, 151, 201, 282, 323, 339, 368, 379, 419, 428, 430, 459, 512, 618, 624, 637, 662, 742, 790, 812]",0.7342174432497014,"[459, 70, 50, 790, 282, 7, 419, 368, 812, 430, 637, 339, 151, 117, 323, 428, 742, 624, 201, 101, 662, 618, 379, 512]",0.7265432098765432
2026-03-09 04:33:21,24,"[7, 50, 70, 101, 117, 151, 201, 282, 323, 339, 368, 379, 419, 428, 430, 459, 512, 618, 624, 637, 662, 742, 790, 812]",0.7342174432497014,"[379, 7, 430, 339, 101, 419, 459, 624, 428, 790, 742, 50, 117, 512, 70, 323, 637, 368, 662, 151, 618, 201, 282, 812]",0.7355642525827535
2026-03-09 04:35:10,24,"[7, 50, 70, 101, 117, 151, 201, 282, 323, 339, 368, 379, 419, 428, 430, 459, 512, 618, 624, 637, 662, 742, 790, 812]",0.7342174432497014,"[368, 419, 637, 812, 742, 339, 7, 323, 428, 101, 379, 459, 151, 201, 70, 117, 790, 430, 624, 662, 512, 282, 50, 618]",0.6793803418803419
2026-03-09 04:36:55,24,"[7, 50, 70, 101, 117, 151, 201, 282, 323, 339, 368, 379, 419, 428, 430, 459, 512, 618, 624, 637, 662, 742, 790, 812]",0.7342174432497014,"[637, 512, 662, 624, 428, 790, 282, 151, 323, 812, 430, 117, 7, 379, 419, 201, 459, 368, 742, 618, 101, 50, 70, 339]",0.7220833333333333
2026-03-09 04:38:39,24,"[7, 50, 70, 101, 117, 151, 201, 282, 323, 339, 368, 379, 419, 428, 430, 459, 512, 618, 624, 637, 662, 742, 790, 812]",0.7342174432497014,"[70, 282, 742, 323, 459, 637, 790, 624, 151, 7, 101, 430, 379, 419, 662, 50, 812, 428, 618, 512, 368, 339, 201, 117]",0.7394660894660895
2026-03-09 04:40:24,24,"[7, 50, 70, 101, 117, 151, 201, 282, 323, 339, 368, 379, 419, 428, 430, 459, 512, 618, 624, 637, 662, 742, 790, 812]",0.7342174432497014,"[618, 790, 151, 101, 428, 323, 662, 117, 419, 742, 430, 368, 50, 70, 339, 637, 512, 7, 459, 812, 282, 201, 624, 379]",0.7391804221072514
2026-03-09 04:42:13,24,"[7, 50, 70, 101, 117, 151, 201, 282, 323, 339, 368, 379, 419, 428, 430, 459, 512, 618, 624, 637, 662, 742, 790, 812]",0.7342174432497014,"[812, 368, 430, 618, 379, 624, 339, 742, 70, 419, 50, 101, 282, 323, 459, 117, 428, 662, 512, 151, 790, 7, 201, 637]",0.7712777418659772
2026-03-09 04:43:58,24,"[7, 50, 70, 101, 117, 151, 201, 282, 323, 339, 368, 379, 419, 428, 430, 459, 512, 618, 624, 637, 662, 742, 790, 812]",0.7342174432497014,"[428, 637, 430, 742, 618, 282, 323, 50, 624, 812, 459, 117, 379, 201, 70, 662, 151, 790, 339, 512, 7, 368, 101, 419]",0.7258905136857893
2026-03-09 04:45:42,24,"[7, 50, 70, 101, 117, 151, 201, 282, 323, 339, 368, 379, 419, 428, 430, 459, 512, 618, 624, 637, 662, 742, 790, 812]",0.7342174432497014,"[70, 428, 323, 618, 637, 742, 512, 790, 151, 430, 379, 201, 7, 282, 339, 624, 662, 50, 117, 101, 812, 368, 419, 459]",0.7265138653084323
2026-03-09 04:47:29,24,"[7, 50, 70, 101, 117, 151, 201, 282, 323, 339, 368, 379, 419, 428, 430, 459, 512, 618, 624, 637, 662, 742, 790, 812]",0.7342174432497014,"[428, 101, 50, 637, 7, 379, 812, 70, 662, 368, 339, 459, 512, 742, 790, 151, 323, 201, 117, 282, 618, 430, 624, 419]",0.7708849501302332
2026-03-09 04:49:15,24,"[7, 50, 70, 101, 117, 151, 201, 282, 323, 339, 368, 379, 419, 428, 430, 459, 512, 618, 624, 637, 662, 742, 790, 812]",0.7342174432497014,"[117, 379, 101, 512, 7, 428, 282, 790, 624, 637, 368, 339, 419, 70, 50, 618, 201, 430, 323, 151, 742, 459, 662, 812]",0.7023655913978494
2026-03-09 04:50:59,24,"[7, 50, 70, 101, 117, 151, 201, 282, 323, 339, 368, 379, 419, 428, 430, 459, 512, 618, 624, 637, 662, 742, 790, 812]",0.7342174432497014,"[428, 379, 790, 368, 101, 282, 430, 637, 742, 50, 662, 323, 201, 151, 512, 459, 117, 339, 70, 419, 7, 812, 618, 624]",0.7387245126613308
2026-03-09 04:52:44,24,"[7, 50, 70, 101, 117, 151, 201, 282, 323, 339, 368, 379, 419, 428, 430, 459, 512, 618, 624, 637, 662, 742, 790, 812]",0.7342174432497014,"[70, 637, 624, 151, 117, 339, 7, 459, 790, 512, 812, 428, 618, 430, 201, 419, 662, 101, 742, 282, 323, 50, 379, 368]",0.7447260747117275
2026-03-09 04:54:27,24,"[7, 50, 70, 101, 117, 151, 201, 282, 323, 339, 368, 379, 419, 428, 430, 459, 512, 618, 624, 637, 662, 742, 790, 812]",0.7342174432497014,"[151, 459, 637, 7, 662, 379, 618, 790, 70, 624, 101, 428, 430, 117, 368, 201, 323, 512, 419, 50, 339, 282, 742, 812]",0.7290926413395074
2026-03-09 04:56:10,24,"[7, 50, 70, 101, 117, 151, 201, 282, 323, 339, 368, 379, 419, 428, 430, 459, 512, 618, 624, 637, 662, 742, 790, 812]",0.7342174432497014,"[637, 512, 742, 428, 419, 624, 117, 101, 201, 379, 7, 812, 323, 662, 430, 282, 459, 151, 339, 618, 368, 790, 50, 70]",0.7627209390587725
2026-03-09 04:57:59,24,"[7, 50, 70, 101, 117, 151, 201, 282, 323, 339, 368, 379, 419, 428, 430, 459, 512, 618, 624, 637, 662, 742, 790, 812]",0.7342174432497014,"[50, 742, 151, 101, 368, 662, 201, 7, 624, 812, 323, 459, 70, 117, 512, 428, 419, 790, 379, 618, 637, 282, 430, 339]",0.7692206032973207
2026-03-09 04:59:36,24,"[7, 50, 70, 101, 117, 151, 201, 282, 323, 339, 368, 379, 419, 428, 430, 459, 512, 618, 624, 637, 662, 742, 790, 812]",0.7342174432497014,"[339, 459, 618, 323, 637, 368, 282, 50, 430, 7, 742, 117, 70, 512, 812, 379, 201, 624, 428, 790, 101, 419, 662, 151]",0.7397588503579288
2026-03-09 05:01:13,24,"[7, 50, 70, 101, 117, 151, 201, 282, 323, 339, 368, 379, 419, 428, 430, 459, 512, 618, 624, 637, 662, 742, 790, 812]",0.7342174432497014,"[637, 70, 101, 618, 624, 430, 459, 201, 323, 117, 50, 419, 742, 428, 7, 151, 368, 379, 790, 282, 662, 512, 812, 339]",0.732490250445211
2026-03-09 05:02:41,24,"[7, 50, 70, 101, 117, 151, 201, 282, 323, 339, 368, 379, 419, 428, 430, 459, 512, 618, 624, 637, 662, 742, 790, 812]",0.7342174432497014,"[459, 368, 101, 282, 618, 428, 323, 117, 624, 7, 419, 201, 790, 50, 637, 70, 151, 742, 512, 662, 812, 339, 430, 379]",0.7550489510489511
2026-03-09 05:04:18,24,"[7, 50, 70, 101, 117, 151, 201, 282, 323, 339, 368, 379, 419, 428, 430, 459, 512, 618, 624, 637, 662, 742, 790, 812]",0.7342174432497014,"[201, 339, 812, 637, 379, 323, 618, 7, 430, 101, 419, 50, 428, 117, 742, 662, 368, 151, 790, 459, 512, 624, 282, 70]",0.7355642525827535
2026-03-09 05:05:52,24,"[7, 50, 70, 101, 117, 151, 201, 282, 323, 339, 368, 379, 419, 428, 430, 459, 512, 618, 624, 637, 662, 742, 790, 812]",0.7342174432497014,"[428, 201, 637, 430, 50, 323, 7, 662, 419, 70, 151, 282, 459, 339, 379, 512, 101, 624, 618, 117, 368, 812, 742, 790]",0.6898488562091504
2026-03-09 05:07:32,24,"[7, 50, 70, 101, 117, 151, 201, 282, 323, 339, 368, 379, 419, 428, 430, 459, 512, 618, 624, 637, 662, 742, 790, 812]",0.7342174432497014,"[151, 101, 624, 812, 323, 339, 7, 201, 459, 618, 637, 282, 419, 368, 430, 117, 742, 512, 428, 50, 662, 379, 70, 790]",0.7423552532123961
2026-03-09 05:08:54,24,"[7, 50, 70, 101, 117, 151, 201, 282, 323, 339, 368, 379, 419, 428, 430, 459, 512, 618, 624, 637, 662, 742, 790, 812]",0.7342174432497014,"[624, 117, 7, 282, 368, 812, 512, 790, 201, 618, 459, 50, 101, 379, 70, 323, 742, 419, 428, 430, 662, 339, 151, 637]",0.7914098972922502
2026-03-09 04:18:22,32,"[39, 44, 48, 82, 100, 114, 119, 128, 182, 242, 291, 315, 317, 320, 337, 380, 462, 464, 468, 479, 486, 537, 539, 551, 602, 613, 667, 674, 684, 696, 725, 822]",0.7261969516686498,"[486, 464, 320, 684, 100, 44, 822, 551, 48, 317, 468, 602, 39, 674, 380, 479, 725, 667, 537, 182, 462, 539, 337, 696, 315, 119, 114, 242, 613, 82, 291, 128]",0.7502235469448584
2026-03-09 04:20:34,32,"[39, 44, 48, 82, 100, 114, 119, 128, 182, 242, 291, 315, 317, 320, 337, 380, 462, 464, 468, 479, 486, 537, 539, 551, 602, 613, 667, 674, 684, 696, 725, 822]",0.7261969516686498,"[684, 822, 539, 100, 551, 380, 479, 182, 317, 48, 337, 128, 242, 315, 486, 82, 667, 696, 602, 291, 613, 44, 468, 114, 725, 119, 464, 39, 320, 674, 537, 462]",0.7056938688101195
2026-03-09 04:22:36,32,"[39, 44, 48, 82, 100, 114, 119, 128, 182, 242, 291, 315, 317, 320, 337, 380, 462, 464, 468, 479, 486, 537, 539, 551, 602, 613, 667, 674, 684, 696, 725, 822]",0.7261969516686498,"[539, 537, 479, 182, 315, 128, 291, 317, 320, 551, 82, 684, 674, 48, 725, 462, 468, 464, 486, 39, 242, 119, 602, 613, 100, 380, 667, 822, 44, 696, 114, 337]",0.733342267488609
2026-03-09 04:24:34,32,"[39, 44, 48, 82, 100, 114, 119, 128, 182, 242, 291, 315, 317, 320, 337, 380, 462, 464, 468, 479, 486, 537, 539, 551, 602, 613, 667, 674, 684, 696, 725, 822]",0.7261969516686498,"[114, 315, 537, 317, 539, 551, 182, 128, 337, 462, 82, 39, 291, 320, 822, 468, 486, 613, 48, 380, 684, 602, 44, 696, 464, 674, 242, 667, 479, 100, 119, 725]",0.7242017879948914
2026-03-09 04:26:28,32,"[39, 44, 48, 82, 100, 114, 119, 128, 182, 242, 291, 315, 317, 320, 337, 380, 462, 464, 468, 479, 486, 537, 539, 551, 602, 613, 667, 674, 684, 696, 725, 822]",0.7261969516686498,"[537, 684, 667, 674, 291, 39, 82, 602, 696, 48, 380, 44, 100, 539, 315, 317, 613, 486, 242, 128, 114, 479, 822, 119, 320, 725, 464, 337, 182, 462, 551, 468]",0.7367295597484277
2026-03-09 04:28:19,32,"[39, 44, 48, 82, 100, 114, 119, 128, 182, 242, 291, 315, 317, 320, 337, 380, 462, 464, 468, 479, 486, 537, 539, 551, 602, 613, 667, 674, 684, 696, 725, 822]",0.7261969516686498,"[468, 317, 380, 822, 315, 462, 551, 464, 613, 486, 182, 539, 696, 537, 291, 82, 602, 674, 39, 684, 667, 725, 337, 48, 128, 479, 320, 114, 100, 44, 119, 242]",0.8001833398811863
2026-03-09 04:30:09,32,"[39, 44, 48, 82, 100, 114, 119, 128, 182, 242, 291, 315, 317, 320, 337, 380, 462, 464, 468, 479, 486, 537, 539, 551, 602, 613, 667, 674, 684, 696, 725, 822]",0.7261969516686498,"[696, 182, 486, 82, 613, 462, 291, 684, 320, 315, 100, 468, 602, 479, 539, 822, 44, 39, 537, 551, 725, 337, 128, 119, 674, 380, 464, 667, 242, 114, 48, 317]",0.7779539246091561
2026-03-09 04:32:00,32,"[39, 44, 48, 82, 100, 114, 119, 128, 182, 242, 291, 315, 317, 320, 337, 380, 462, 464, 468, 479, 486, 537, 539, 551, 602, 613, 667, 674, 684, 696, 725, 822]",0.7261969516686498,"[696, 464, 551, 468, 291, 337, 462, 539, 674, 684, 537, 479, 242, 114, 39, 128, 119, 613, 100, 82, 667, 602, 320, 182, 822, 380, 725, 317, 315, 48, 486, 44]",0.7781173075290723
2026-03-09 04:33:46,32,"[39, 44, 48, 82, 100, 114, 119, 128, 182, 242, 291, 315, 317, 320, 337, 380, 462, 464, 468, 479, 486, 537, 539, 551, 602, 613, 667, 674, 684, 696, 725, 822]",0.7261969516686498,"[725, 380, 242, 128, 48, 537, 486, 602, 613, 114, 337, 291, 684, 462, 539, 100, 82, 182, 39, 479, 119, 315, 44, 696, 320, 464, 468, 822, 317, 667, 551, 674]",0.7771664008506113
2026-03-09 04:35:38,32,"[39, 44, 48, 82, 100, 114, 119, 128, 182, 242, 291, 315, 317, 320, 337, 380, 462, 464, 468, 479, 486, 537, 539, 551, 602, 613, 667, 674, 684, 696, 725, 822]",0.7261969516686498,"[119, 468, 537, 182, 291, 613, 479, 100, 696, 39, 684, 82, 48, 315, 725, 337, 462, 114, 44, 539, 380, 602, 674, 486, 667, 128, 242, 822, 317, 464, 551, 320]",0.7591909882232463
2026-03-09 04:37:25,32,"[39, 44, 48, 82, 100, 114, 119, 128, 182, 242, 291, 315, 317, 320, 337, 380, 462, 464, 468, 479, 486, 537, 539, 551, 602, 613, 667, 674, 684, 696, 725, 822]",0.7261969516686498,"[725, 539, 114, 380, 317, 315, 337, 479, 464, 537, 182, 822, 613, 44, 320, 82, 128, 486, 39, 696, 119, 291, 462, 100, 468, 674, 602, 48, 667, 242, 551, 684]",0.7201979307242464
2026-03-09 04:39:10,32,"[39, 44, 48, 82, 100, 114, 119, 128, 182, 242, 291, 315, 317, 320, 337, 380, 462, 464, 468, 479, 486, 537, 539, 551, 602, 613, 667, 674, 684, 696, 725, 822]",0.7261969516686498,"[462, 725, 100, 317, 82, 537, 315, 48, 479, 291, 114, 320, 44, 822, 128, 242, 674, 39, 602, 486, 182, 468, 684, 119, 696, 337, 613, 551, 464, 539, 380, 667]",0.7934757410167247
2026-03-09 04:40:57,32,"[39, 44, 48, 82, 100, 114, 119, 128, 182, 242, 291, 315, 317, 320, 337, 380, 462, 464, 468, 479, 486, 537, 539, 551, 602, 613, 667, 674, 684, 696, 725, 822]",0.7261969516686498,"[182, 128, 242, 39, 82, 822, 380, 479, 462, 315, 100, 602, 464, 684, 674, 337, 114, 291, 48, 539, 44, 613, 725, 537, 486, 119, 696, 468, 320, 667, 551, 317]",0.7521291157654795
2026-03-09 04:42:49,32,"[39, 44, 48, 82, 100, 114, 119, 128, 182, 242, 291, 315, 317, 320, 337, 380, 462, 464, 468, 479, 486, 537, 539, 551, 602, 613, 667, 674, 684, 696, 725, 822]",0.7261969516686498,"[674, 114, 315, 725, 464, 82, 317, 468, 44, 337, 539, 822, 182, 684, 613, 128, 667, 602, 462, 551, 39, 119, 380, 696, 486, 242, 537, 48, 291, 100, 479, 320]",0.734348527495967
2026-03-09 04:44:36,32,"[39, 44, 48, 82, 100, 114, 119, 128, 182, 242, 291, 315, 317, 320, 337, 380, 462, 464, 468, 479, 486, 537, 539, 551, 602, 613, 667, 674, 684, 696, 725, 822]",0.7261969516686498,"[242, 822, 100, 320, 684, 602, 48, 114, 613, 380, 39, 479, 182, 468, 317, 725, 696, 486, 551, 537, 82, 119, 674, 462, 464, 291, 539, 337, 667, 44, 128, 315]",0.7556880278191752
2026-03-09 04:46:27,32,"[39, 44, 48, 82, 100, 114, 119, 128, 182, 242, 291, 315, 317, 320, 337, 380, 462, 464, 468, 479, 486, 537, 539, 551, 602, 613, 667, 674, 684, 696, 725, 822]",0.7261969516686498,"[464, 82, 486, 48, 602, 291, 822, 114, 242, 613, 537, 315, 128, 44, 337, 667, 100, 479, 317, 462, 696, 674, 725, 539, 182, 380, 551, 119, 320, 39, 684, 468]",0.7332200124652956
2026-03-09 04:48:20,32,"[39, 44, 48, 82, 100, 114, 119, 128, 182, 242, 291, 315, 317, 320, 337, 380, 462, 464, 468, 479, 486, 537, 539, 551, 602, 613, 667, 674, 684, 696, 725, 822]",0.7261969516686498,"[317, 539, 684, 464, 667, 380, 486, 551, 315, 119, 725, 537, 128, 320, 613, 82, 674, 44, 39, 114, 696, 822, 182, 479, 48, 468, 100, 337, 602, 242, 291, 462]",0.7307127100230549
2026-03-09 04:50:05,32,"[39, 44, 48, 82, 100, 114, 119, 128, 182, 242, 291, 315, 317, 320, 337, 380, 462, 464, 468, 479, 486, 537, 539, 551, 602, 613, 667, 674, 684, 696, 725, 822]",0.7261969516686498,"[82, 128, 39, 48, 684, 537, 315, 602, 182, 613, 114, 486, 696, 462, 317, 725, 667, 44, 822, 320, 674, 539, 380, 119, 464, 242, 291, 468, 337, 100, 479, 551]",0.7680351906158358
2026-03-09 04:51:56,32,"[39, 44, 48, 82, 100, 114, 119, 128, 182, 242, 291, 315, 317, 320, 337, 380, 462, 464, 468, 479, 486, 537, 539, 551, 602, 613, 667, 674, 684, 696, 725, 822]",0.7261969516686498,"[822, 114, 44, 674, 48, 486, 464, 380, 182, 468, 242, 128, 479, 684, 320, 602, 100, 317, 537, 39, 551, 119, 291, 539, 667, 462, 315, 613, 696, 82, 337, 725]",0.7101425726802071
2026-03-09 04:53:45,32,"[39, 44, 48, 82, 100, 114, 119, 128, 182, 242, 291, 315, 317, 320, 337, 380, 462, 464, 468, 479, 486, 537, 539, 551, 602, 613, 667, 674, 684, 696, 725, 822]",0.7261969516686498,"[291, 462, 114, 479, 119, 486, 48, 337, 539, 468, 667, 100, 315, 684, 725, 82, 822, 464, 39, 320, 182, 551, 537, 380, 696, 602, 317, 674, 242, 128, 613, 44]",0.7792049822410353
2026-03-09 04:55:32,32,"[39, 44, 48, 82, 100, 114, 119, 128, 182, 242, 291, 315, 317, 320, 337, 380, 462, 464, 468, 479, 486, 537, 539, 551, 602, 613, 667, 674, 684, 696, 725, 822]",0.7261969516686498,"[48, 100, 44, 182, 291, 479, 822, 696, 317, 602, 486, 684, 128, 613, 667, 468, 725, 320, 114, 242, 380, 82, 39, 539, 337, 551, 119, 464, 462, 674, 537, 315]",0.7359217252169973
2026-03-09 04:57:19,32,"[39, 44, 48, 82, 100, 114, 119, 128, 182, 242, 291, 315, 317, 320, 337, 380, 462, 464, 468, 479, 486, 537, 539, 551, 602, 613, 667, 674, 684, 696, 725, 822]",0.7261969516686498,"[44, 100, 486, 119, 602, 82, 182, 464, 537, 613, 462, 315, 337, 551, 114, 128, 380, 48, 667, 479, 696, 39, 539, 242, 320, 822, 468, 725, 291, 684, 317, 674]",0.7583323557985858
2026-03-09 04:59:01,32,"[39, 44, 48, 82, 100, 114, 119, 128, 182, 242, 291, 315, 317, 320, 337, 380, 462, 464, 468, 479, 486, 537, 539, 551, 602, 613, 667, 674, 684, 696, 725, 822]",0.7261969516686498,"[100, 462, 82, 464, 486, 479, 674, 667, 539, 44, 48, 551, 537, 39, 696, 337, 128, 317, 119, 315, 822, 320, 725, 684, 242, 182, 291, 613, 380, 114, 468, 602]",0.7578099407367699
2026-03-09 05:00:36,32,"[39, 44, 48, 82, 100, 114, 119, 128, 182, 242, 291, 315, 317, 320, 337, 380, 462, 464, 468, 479, 486, 537, 539, 551, 602, 613, 667, 674, 684, 696, 725, 822]",0.7261969516686498,"[119, 82, 114, 242, 315, 380, 667, 337, 468, 182, 486, 479, 462, 320, 39, 551, 44, 48, 128, 291, 539, 100, 537, 684, 725, 613, 602, 696, 674, 464, 317, 822]",0.7852551488915126
2026-03-09 05:02:11,32,"[39, 44, 48, 82, 100, 114, 119, 128, 182, 242, 291, 315, 317, 320, 337, 380, 462, 464, 468, 479, 486, 537, 539, 551, 602, 613, 667, 674, 684, 696, 725, 822]",0.7261969516686498,"[613, 48, 684, 602, 114, 100, 119, 539, 337, 315, 182, 725, 551, 468, 674, 464, 380, 537, 82, 462, 242, 486, 317, 39, 44, 320, 291, 822, 128, 479, 667, 696]",0.7552323232323231
2026-03-09 05:03:45,32,"[39, 44, 48, 82, 100, 114, 119, 128, 182, 242, 291, 315, 317, 320, 337, 380, 462, 464, 468, 479, 486, 537, 539, 551, 602, 613, 667, 674, 684, 696, 725, 822]",0.7261969516686498,"[684, 317, 613, 725, 486, 320, 602, 242, 82, 551, 114, 822, 337, 291, 479, 468, 674, 100, 667, 462, 539, 182, 464, 44, 119, 315, 48, 696, 380, 128, 537, 39]",0.7411402157164869
2026-03-09 05:05:23,32,"[39, 44, 48, 82, 100, 114, 119, 128, 182, 242, 291, 315, 317, 320, 337, 380, 462, 464, 468, 479, 486, 537, 539, 551, 602, 613, 667, 674, 684, 696, 725, 822]",0.7261969516686498,"[315, 725, 39, 486, 667, 613, 674, 537, 128, 551, 684, 822, 380, 82, 468, 114, 696, 602, 44, 320, 337, 100, 182, 291, 48, 539, 479, 242, 119, 462, 317, 464]",0.7756567756567757
2026-03-09 05:07:02,32,"[39, 44, 48, 82, 100, 114, 119, 128, 182, 242, 291, 315, 317, 320, 337, 380, 462, 464, 468, 479, 486, 537, 539, 551, 602, 613, 667, 674, 684, 696, 725, 822]",0.7261969516686498,"[317, 464, 822, 696, 39, 119, 462, 551, 320, 337, 468, 725, 48, 539, 291, 537, 684, 602, 486, 667, 242, 128, 114, 82, 315, 479, 44, 380, 182, 674, 613, 100]",0.7352255403102861
2026-03-09 05:08:37,32,"[39, 44, 48, 82, 100, 114, 119, 128, 182, 242, 291, 315, 317, 320, 337, 380, 462, 464, 468, 479, 486, 537, 539, 551, 602, 613, 667, 674, 684, 696, 725, 822]",0.7261969516686498,"[479, 44, 315, 82, 696, 602, 39, 684, 674, 725, 320, 48, 242, 486, 462, 537, 317, 468, 380, 613, 822, 667, 182, 551, 114, 128, 464, 119, 291, 100, 539, 337]",0.7542466662977922
2026-03-09 05:09:26,32,"[39, 44, 48, 82, 100, 114, 119, 128, 182, 242, 291, 315, 317, 320, 337, 380, 462, 464, 468, 479, 486, 537, 539, 551, 602, 613, 667, 674, 684, 696, 725, 822]",0.7261969516686498,"[291, 667, 539, 725, 114, 537, 315, 674, 100, 696, 317, 462, 320, 128, 39, 602, 48, 479, 182, 82, 464, 822, 551, 613, 486, 242, 337, 684, 380, 119, 44, 468]",0.7944444444444444
